Cut_Pierce,Drowning_Submersion,Falls,Machinery,Fire_Burns,Firearm,Struck_by_against,Motor_Vehicle_Traffic,,Motor_Vehicle_Nontraffic,Other_Transport,Overexertion,Suffocation,Ped_Cyclist_Other,Pedestrian_Other,Nature_Environment,Bites_Stings,Other_Specified,Unspecified,Poison
38,1,440,104,30,2,76,75,,42,42,12,4,0,12,56,9,71,48,15
,,,,,,,,,,,,,,,,,,,
,,,,,,,,,,,,,,,,,,,
,,,,,,,,,,,,,,,,,,,
,,,,,,,,,,,,,,,,,,,
,,,,,,,,,,,,,,,,,,,
,,,,,,,,,unintent,intent,assault,undetermined,legal,,,,,,
,,,,,,,Bites_Stings,9,9,,,,,9,1,,,,
,,,,,,,Cut_Pierce,43,38,,3,1,1,43,4,,,,
,,,,,,,Drowning_Submersion,3,1,,,1,1,3,0,,,,
,,,,,,,Falls,441,440,1,,,,441,40,,,,
,,,,,,,Fire_Burns,30,30,,,,,30,3,,,,
,,,,,,,Firearm,7,2,,5,,,7,1,,,,
,,,,,,,Machinery,104,104,,,,,104,9,,,,
,,,,,,,Motor_Vehicle_Nontraffic,42,42,,,,,42,4,,,,
,,,,,,,Motor_Vehicle_Traffic,76,75,,1,,,76,7,,,,
,,,,,,,Nature_Environment,56,56,,,,,56,5,,,,
,,,,,,,Other_Specified,71,71,,,,,71,6,,,,
,,,,,,,Other_Transport,42,42,,,,,42,4,,,,
,,,,,,,Overexertion,12,12,,,,,12,1,,,,
,,,,,,,Ped_Cyclist_Other,0,0,,,,,0,0,,,,
,,,,,,,Pedestrian_Other,12,12,,,,,12,1,,,,
,,,,,,,Poison,15,15,,,,,15,1,,,,
,,,,,,,Struck_by_against,80,76,,4,,,80,7,,,,
,,,,,,,Suffocation,4,4,,,,,4,0,,,,
,,,,,,,Unspecified,49,48,1,,,,49,4,,,,
,,,,,,,,,,,,,,1096,,,,,
,,,,,,,,,,,,,,,,,,,
