seriesID,year,period,periodName,latest,value,footnotes,seasonal,category_code,datatype_code,case_code,age_code,los_code,race_code,gender_code,pob_code,event_code,source_code,occupation_code,nature_code,industry_code,time_code,hour_code,weekday_code,special_code,ownership_code,state_code,footnote_codes,begin_year,begin_period,end_year,end_period
CSU00XGP2AFH33100,2020,A01,Annual,true,188.7,,U,00X,3,3,,,,,,,,,,GP2AFH,,,,,1,0,,2011,A01,2020,A01
CSU00XGP2AFH33100,2019,A01,Annual,NA,172.6,,U,00X,3,3,,,,,,,,,,GP2AFH,,,,,1,0,,2011,A01,2020,A01
CSU00XGP2AFH33100,2018,A01,Annual,NA,170.1,,U,00X,3,3,,,,,,,,,,GP2AFH,,,,,1,0,,2011,A01,2020,A01
CSU00XGP2AFH33100,2017,A01,Annual,NA,170.5,,U,00X,3,3,,,,,,,,,,GP2AFH,,,,,1,0,,2011,A01,2020,A01
CSU00XGP2AFH33100,2016,A01,Annual,NA,173.5,,U,00X,3,3,,,,,,,,,,GP2AFH,,,,,1,0,,2011,A01,2020,A01
CSU00XGP2MIN33100,2020,A01,Annual,true,62.1,,U,00X,3,3,,,,,,,,,,GP2MIN,,,,,1,0,,2011,A01,2020,A01
CSU00XGP2MIN33100,2019,A01,Annual,NA,53.8,,U,00X,3,3,,,,,,,,,,GP2MIN,,,,,1,0,,2011,A01,2020,A01
CSU00XGP2MIN33100,2018,A01,Annual,NA,56.9,,U,00X,3,3,,,,,,,,,,GP2MIN,,,,,1,0,,2011,A01,2020,A01
CSU00XGP2MIN33100,2017,A01,Annual,NA,72.2,,U,00X,3,3,,,,,,,,,,GP2MIN,,,,,1,0,,2011,A01,2020,A01
CSU00XGP2MIN33100,2016,A01,Annual,NA,64.3,,U,00X,3,3,,,,,,,,,,GP2MIN,,,,,1,0,,2011,A01,2020,A01
CSU00XGP2CON33100,2020,A01,Annual,true,108.6,,U,00X,3,3,,,,,,,,,,GP2CON,,,,,1,0,,2011,A01,2020,A01
CSU00XGP2CON33100,2019,A01,Annual,NA,112.3,,U,00X,3,3,,,,,,,,,,GP2CON,,,,,1,0,,2011,A01,2020,A01
CSU00XGP2CON33100,2018,A01,Annual,NA,115.4,,U,00X,3,3,,,,,,,,,,GP2CON,,,,,1,0,,2011,A01,2020,A01
CSU00XGP2CON33100,2017,A01,Annual,NA,124.7,,U,00X,3,3,,,,,,,,,,GP2CON,,,,,1,0,,2011,A01,2020,A01
CSU00XGP2CON33100,2016,A01,Annual,NA,132.0,,U,00X,3,3,,,,,,,,,,GP2CON,,,,,1,0,,2011,A01,2020,A01
CSU00XGP2MFG33100,2020,A01,Annual,true,113.3,,U,00X,3,3,,,,,,,,,,GP2MFG,,,,,1,0,,2011,A01,2020,A01
CSU00XGP2MFG33100,2019,A01,Annual,NA,90.7,,U,00X,3,3,,,,,,,,,,GP2MFG,,,,,1,0,,2011,A01,2020,A01
CSU00XGP2MFG33100,2018,A01,Annual,NA,93.9,,U,00X,3,3,,,,,,,,,,GP2MFG,,,,,1,0,,2011,A01,2020,A01
CSU00XGP2MFG33100,2017,A01,Annual,NA,93.0,,U,00X,3,3,,,,,,,,,,GP2MFG,,,,,1,0,,2011,A01,2020,A01
CSU00XGP2MFG33100,2016,A01,Annual,NA,94.9,,U,00X,3,3,,,,,,,,,,GP2MFG,,,,,1,0,,2011,A01,2020,A01
CSU00XSP2WHT33100,2020,A01,Annual,true,102.4,,U,00X,3,3,,,,,,,,,,SP2WHT,,,,,1,0,,2011,A01,2020,A01
CSU00XSP2WHT33100,2019,A01,Annual,NA,97.1,,U,00X,3,3,,,,,,,,,,SP2WHT,,,,,1,0,,2011,A01,2020,A01
CSU00XSP2WHT33100,2018,A01,Annual,NA,99.8,,U,00X,3,3,,,,,,,,,,SP2WHT,,,,,1,0,,2011,A01,2020,A01
CSU00XSP2WHT33100,2017,A01,Annual,NA,99.4,,U,00X,3,3,,,,,,,,,,SP2WHT,,,,,1,0,,2011,A01,2020,A01
CSU00XSP2WHT33100,2016,A01,Annual,NA,95.5,,U,00X,3,3,,,,,,,,,,SP2WHT,,,,,1,0,,2011,A01,2020,A01
CSU00XSP2RET33100,2020,A01,Annual,true,114.9,,U,00X,3,3,,,,,,,,,,SP2RET,,,,,1,0,,2011,A01,2020,A01
CSU00XSP2RET33100,2019,A01,Annual,NA,102.8,,U,00X,3,3,,,,,,,,,,SP2RET,,,,,1,0,,2011,A01,2020,A01
CSU00XSP2RET33100,2018,A01,Annual,NA,107.6,,U,00X,3,3,,,,,,,,,,SP2RET,,,,,1,0,,2011,A01,2020,A01
CSU00XSP2RET33100,2017,A01,Annual,NA,101.4,,U,00X,3,3,,,,,,,,,,SP2RET,,,,,1,0,,2011,A01,2020,A01
CSU00XSP2RET33100,2016,A01,Annual,NA,103.2,,U,00X,3,3,,,,,,,,,,SP2RET,,,,,1,0,,2011,A01,2020,A01
CSU00XSP2TRW33100,2020,A01,Annual,true,192.5,,U,00X,3,3,,,,,,,,,,SP2TRW,,,,,1,0,,2011,A01,2020,A01
CSU00XSP2TRW33100,2019,A01,Annual,NA,201.6,,U,00X,3,3,,,,,,,,,,SP2TRW,,,,,1,0,,2011,A01,2020,A01
CSU00XSP2TRW33100,2018,A01,Annual,NA,208.3,,U,00X,3,3,,,,,,,,,,SP2TRW,,,,,1,0,,2011,A01,2020,A01
CSU00XSP2TRW33100,2017,A01,Annual,NA,203.1,,U,00X,3,3,,,,,,,,,,SP2TRW,,,,,1,0,,2011,A01,2020,A01
CSU00XSP2TRW33100,2016,A01,Annual,NA,209.3,,U,00X,3,3,,,,,,,,,,SP2TRW,,,,,1,0,,2011,A01,2020,A01
CSU00XSP2UTL33100,2020,A01,Annual,true,62.9,,U,00X,3,3,,,,,,,,,,SP2UTL,,,,,1,0,,2011,A01,2020,A01
CSU00XSP2UTL33100,2019,A01,Annual,NA,67.1,,U,00X,3,3,,,,,,,,,,SP2UTL,,,,,1,0,,2011,A01,2020,A01
CSU00XSP2UTL33100,2018,A01,Annual,NA,65.5,,U,00X,3,3,,,,,,,,,,SP2UTL,,,,,1,0,,2011,A01,2020,A01
CSU00XSP2UTL33100,2017,A01,Annual,NA,70.8,,U,00X,3,3,,,,,,,,,,SP2UTL,,,,,1,0,,2011,A01,2020,A01
CSU00XSP2UTL33100,2016,A01,Annual,NA,69.4,,U,00X,3,3,,,,,,,,,,SP2UTL,,,,,1,0,,2011,A01,2020,A01
CSU00XSP2INF33100,2020,A01,Annual,true,40.1,,U,00X,3,3,,,,,,,,,,SP2INF,,,,,1,0,,2011,A01,2020,A01
CSU00XSP2INF33100,2019,A01,Annual,NA,49.4,,U,00X,3,3,,,,,,,,,,SP2INF,,,,,1,0,,2011,A01,2020,A01
CSU00XSP2INF33100,2018,A01,Annual,NA,60.1,,U,00X,3,3,,,,,,,,,,SP2INF,,,,,1,0,,2011,A01,2020,A01
CSU00XSP2INF33100,2017,A01,Annual,NA,58.3,,U,00X,3,3,,,,,,,,,,SP2INF,,,,,1,0,,2011,A01,2020,A01
CSU00XSP2INF33100,2016,A01,Annual,NA,53.2,,U,00X,3,3,,,,,,,,,,SP2INF,,,,,1,0,,2011,A01,2020,A01
CSU00XSP2FIN33100,2020,A01,Annual,true,13.6,,U,00X,3,3,,,,,,,,,,SP2FIN,,,,,1,0,,2011,A01,2020,A01
CSU00XSP2FIN33100,2019,A01,Annual,NA,13.0,,U,00X,3,3,,,,,,,,,,SP2FIN,,,,,1,0,,2011,A01,2020,A01
CSU00XSP2FIN33100,2018,A01,Annual,NA,12.5,,U,00X,3,3,,,,,,,,,,SP2FIN,,,,,1,0,,2011,A01,2020,A01
CSU00XSP2FIN33100,2017,A01,Annual,NA,14.5,,U,00X,3,3,,,,,,,,,,SP2FIN,,,,,1,0,,2011,A01,2020,A01
CSU00XSP2FIN33100,2016,A01,Annual,NA,13.8,,U,00X,3,3,,,,,,,,,,SP2FIN,,,,,1,0,,2011,A01,2020,A01
CSU00XSP2RRL33100,2020,A01,Annual,true,87.9,,U,00X,3,3,,,,,,,,,,SP2RRL,,,,,1,0,,2011,A01,2020,A01
CSU00XSP2RRL33100,2019,A01,Annual,NA,73.3,,U,00X,3,3,,,,,,,,,,SP2RRL,,,,,1,0,,2011,A01,2020,A01
CSU00XSP2RRL33100,2018,A01,Annual,NA,80.4,,U,00X,3,3,,,,,,,,,,SP2RRL,,,,,1,0,,2011,A01,2020,A01
CSU00XSP2RRL33100,2017,A01,Annual,NA,95.1,,U,00X,3,3,,,,,,,,,,SP2RRL,,,,,1,0,,2011,A01,2020,A01
CSU00XSP2RRL33100,2016,A01,Annual,NA,95.8,,U,00X,3,3,,,,,,,,,,SP2RRL,,,,,1,0,,2011,A01,2020,A01
CSU00XSP2PST33100,2020,A01,Annual,true,19.2,,U,00X,3,3,,,,,,,,,,SP2PST,,,,,1,0,,2011,A01,2020,A01
CSU00XSP2PST33100,2019,A01,Annual,NA,19.7,,U,00X,3,3,,,,,,,,,,SP2PST,,,,,1,0,,2011,A01,2020,A01
CSU00XSP2PST33100,2018,A01,Annual,NA,19.5,,U,00X,3,3,,,,,,,,,,SP2PST,,,,,1,0,,2011,A01,2020,A01
CSU00XSP2PST33100,2017,A01,Annual,NA,22.4,,U,00X,3,3,,,,,,,,,,SP2PST,,,,,1,0,,2011,A01,2020,A01
CSU00XSP2PST33100,2016,A01,Annual,NA,19.8,,U,00X,3,3,,,,,,,,,,SP2PST,,,,,1,0,,2011,A01,2020,A01
CSU00XSP2MCE33100,2020,A01,Annual,true,21.0,,U,00X,3,3,,,,,,,,,,SP2MCE,,,,,1,0,,2011,A01,2020,A01
CSU00XSP2MCE33100,2019,A01,Annual,NA,20.0,,U,00X,3,3,,,,,,,,,,SP2MCE,,,,,1,0,,2011,A01,2020,A01
CSU00XSP2MCE33100,2018,A01,Annual,NA,20.3,,U,00X,3,3,,,,,,,,,,SP2MCE,,,,,1,0,,2011,A01,2020,A01
CSU00XSP2MCE33100,2017,A01,Annual,NA,23.6,,U,00X,3,3,,,,,,,,,,SP2MCE,,,,,1,0,,2011,A01,2020,A01
CSU00XSP2MCE33100,2016,A01,Annual,NA,26.2,,U,00X,3,3,,,,,,,,,,SP2MCE,,,,,1,0,,2011,A01,2020,A01
CSU00XSP2ADW33100,2020,A01,Annual,true,91.0,,U,00X,3,3,,,,,,,,,,SP2ADW,,,,,1,0,,2011,A01,2020,A01
CSU00XSP2ADW33100,2018,A01,Annual,NA,88.3,,U,00X,3,3,,,,,,,,,,SP2ADW,,,,,1,0,,2011,A01,2020,A01
CSU00XSP2ADW33100,2017,A01,Annual,NA,85.5,,U,00X,3,3,,,,,,,,,,SP2ADW,,,,,1,0,,2011,A01,2020,A01
CSU00XSP2ADW33100,2016,A01,Annual,NA,97.1,,U,00X,3,3,,,,,,,,,,SP2ADW,,,,,1,0,,2011,A01,2020,A01
CSU00XSP2EDS33100,2020,A01,Annual,true,39.0,,U,00X,3,3,,,,,,,,,,SP2EDS,,,,,1,0,,2011,A01,2020,A01
CSU00XSP2EDS33100,2019,A01,Annual,NA,61.5,,U,00X,3,3,,,,,,,,,,SP2EDS,,,,,1,0,,2011,A01,2020,A01
CSU00XSP2EDS33100,2018,A01,Annual,NA,58.4,,U,00X,3,3,,,,,,,,,,SP2EDS,,,,,1,0,,2011,A01,2020,A01
CSU00XSP2EDS33100,2017,A01,Annual,NA,50.9,,U,00X,3,3,,,,,,,,,,SP2EDS,,,,,1,0,,2011,A01,2020,A01
CSU00XSP2EDS33100,2016,A01,Annual,NA,62.3,,U,00X,3,3,,,,,,,,,,SP2EDS,,,,,1,0,,2011,A01,2020,A01
CSU00XSP2HSA33100,2020,A01,Annual,true,304.3,,U,00X,3,3,,,,,,,,,,SP2HSA,,,,,1,0,,2011,A01,2020,A01
CSU00XSP2HSA33100,2019,A01,Annual,NA,101.1,,U,00X,3,3,,,,,,,,,,SP2HSA,,,,,1,0,,2011,A01,2020,A01
CSU00XSP2HSA33100,2018,A01,Annual,NA,106.0,,U,00X,3,3,,,,,,,,,,SP2HSA,,,,,1,0,,2011,A01,2020,A01
CSU00XSP2HSA33100,2017,A01,Annual,NA,106.3,,U,00X,3,3,,,,,,,,,,SP2HSA,,,,,1,0,,2011,A01,2020,A01
CSU00XSP2HSA33100,2016,A01,Annual,NA,110.3,,U,00X,3,3,,,,,,,,,,SP2HSA,,,,,1,0,,2011,A01,2020,A01
CSU00XSP2AER33100,2020,A01,Annual,true,100.7,,U,00X,3,3,,,,,,,,,,SP2AER,,,,,1,0,,2011,A01,2020,A01
CSU00XSP2AER33100,2019,A01,Annual,NA,107.4,,U,00X,3,3,,,,,,,,,,SP2AER,,,,,1,0,,2011,A01,2020,A01
CSU00XSP2AER33100,2018,A01,Annual,NA,113.2,,U,00X,3,3,,,,,,,,,,SP2AER,,,,,1,0,,2011,A01,2020,A01
CSU00XSP2AER33100,2017,A01,Annual,NA,123.2,,U,00X,3,3,,,,,,,,,,SP2AER,,,,,1,0,,2011,A01,2020,A01
CSU00XSP2AER33100,2016,A01,Annual,NA,113.7,,U,00X,3,3,,,,,,,,,,SP2AER,,,,,1,0,,2011,A01,2020,A01
CSU00XSP2AFS33100,2020,A01,Annual,true,82.8,,U,00X,3,3,,,,,,,,,,SP2AFS,,,,,1,0,,2011,A01,2020,A01
CSU00XSP2AFS33100,2019,A01,Annual,NA,92.6,,U,00X,3,3,,,,,,,,,,SP2AFS,,,,,1,0,,2011,A01,2020,A01
CSU00XSP2AFS33100,2018,A01,Annual,NA,87.8,,U,00X,3,3,,,,,,,,,,SP2AFS,,,,,1,0,,2011,A01,2020,A01
CSU00XSP2AFS33100,2017,A01,Annual,NA,86.6,,U,00X,3,3,,,,,,,,,,SP2AFS,,,,,1,0,,2011,A01,2020,A01
CSU00XSP2AFS33100,2016,A01,Annual,NA,89.4,,U,00X,3,3,,,,,,,,,,SP2AFS,,,,,1,0,,2011,A01,2020,A01
CSU00XSP2OTS33100,2020,A01,Annual,true,85.5,,U,00X,3,3,,,,,,,,,,SP2OTS,,,,,1,0,,2011,A01,2020,A01
CSU00XSP2OTS33100,2019,A01,Annual,NA,65.8,,U,00X,3,3,,,,,,,,,,SP2OTS,,,,,1,0,,2011,A01,2020,A01
CSU00XSP2OTS33100,2018,A01,Annual,NA,78.0,,U,00X,3,3,,,,,,,,,,SP2OTS,,,,,1,0,,2011,A01,2020,A01
CSU00XSP2OTS33100,2017,A01,Annual,NA,74.4,,U,00X,3,3,,,,,,,,,,SP2OTS,,,,,1,0,,2011,A01,2020,A01
CSU00XSP2OTS33100,2016,A01,Annual,NA,81.9,,U,00X,3,3,,,,,,,,,,SP2OTS,,,,,1,0,,2011,A01,2020,A01
CSU00XSP2EDS33700,2020,A01,Annual,true,30.9,,U,00X,3,3,,,,,,,,,,SP2EDS,,,,,7,0,,2011,A01,2020,A01
CSU00XSP2EDS33700,2019,A01,Annual,NA,47.1,,U,00X,3,3,,,,,,,,,,SP2EDS,,,,,7,0,,2011,A01,2020,A01
CSU00XSP2EDS33700,2018,A01,Annual,NA,49.0,,U,00X,3,3,,,,,,,,,,SP2EDS,,,,,7,0,,2011,A01,2020,A01
CSU00XSP2EDS33700,2017,A01,Annual,NA,50.2,,U,00X,3,3,,,,,,,,,,SP2EDS,,,,,7,0,,2011,A01,2020,A01
CSU00XSP2EDS33700,2016,A01,Annual,NA,53.1,,U,00X,3,3,,,,,,,,,,SP2EDS,,,,,7,0,,2011,A01,2020,A01
CSU00XSP2HSA33700,2020,A01,Annual,true,445.4,,U,00X,3,3,,,,,,,,,,SP2HSA,,,,,7,0,,2011,A01,2020,A01
CSU00XSP2HSA33700,2019,A01,Annual,NA,332.8,,U,00X,3,3,,,,,,,,,,SP2HSA,,,,,7,0,,2011,A01,2020,A01
CSU00XSP2HSA33700,2018,A01,Annual,NA,328.0,,U,00X,3,3,,,,,,,,,,SP2HSA,,,,,7,0,,2011,A01,2020,A01
CSU00XSP2HSA33700,2017,A01,Annual,NA,307.9,,U,00X,3,3,,,,,,,,,,SP2HSA,,,,,7,0,,2011,A01,2020,A01
CSU00XSP2HSA33700,2016,A01,Annual,NA,345.6,,U,00X,3,3,,,,,,,,,,SP2HSA,,,,,7,0,,2011,A01,2020,A01
CSU00XSP2PAD33700,2020,A01,Annual,true,203.5,,U,00X,3,3,,,,,,,,,,SP2PAD,,,,,7,0,,2011,A01,2020,A01
CSU00XSP2PAD33700,2019,A01,Annual,NA,152.7,,U,00X,3,3,,,,,,,,,,SP2PAD,,,,,7,0,,2011,A01,2020,A01
CSU00XSP2PAD33700,2018,A01,Annual,NA,149.8,,U,00X,3,3,,,,,,,,,,SP2PAD,,,,,7,0,,2011,A01,2020,A01
CSU00XSP2PAD33700,2017,A01,Annual,NA,155.2,,U,00X,3,3,,,,,,,,,,SP2PAD,,,,,7,0,,2011,A01,2020,A01
CSU00XSP2PAD33700,2016,A01,Annual,NA,155.0,,U,00X,3,3,,,,,,,,,,SP2PAD,,,,,7,0,,2011,A01,2020,A01
CSU00XGP2CON33800,2016,A01,Annual,true,423.5,,U,00X,3,3,,,,,,,,,,GP2CON,,,,,8,0,,2011,A01,2016,A01
CSU00XSP2TRW33800,2016,A01,Annual,true,341.6,,U,00X,3,3,,,,,,,,,,SP2TRW,,,,,8,0,,2011,A01,2016,A01
CSU00XSP2UTL33800,2020,A01,Annual,true,117.8,,U,00X,3,3,,,,,,,,,,SP2UTL,,,,,8,0,,2011,A01,2020,A01
CSU00XSP2UTL33800,2019,A01,Annual,NA,144.5,,U,00X,3,3,,,,,,,,,,SP2UTL,,,,,8,0,,2011,A01,2020,A01
CSU00XSP2UTL33800,2018,A01,Annual,NA,172.0,,U,00X,3,3,,,,,,,,,,SP2UTL,,,,,8,0,,2011,A01,2020,A01
CSU00XSP2UTL33800,2017,A01,Annual,NA,168.9,,U,00X,3,3,,,,,,,,,,SP2UTL,,,,,8,0,,2011,A01,2020,A01
CSU00XSP2UTL33800,2016,A01,Annual,NA,170.6,,U,00X,3,3,,,,,,,,,,SP2UTL,,,,,8,0,,2011,A01,2020,A01
CSU00XSP2EDS33800,2020,A01,Annual,true,62.6,,U,00X,3,3,,,,,,,,,,SP2EDS,,,,,8,0,,2011,A01,2020,A01
CSU00XSP2EDS33800,2019,A01,Annual,NA,101.9,,U,00X,3,3,,,,,,,,,,SP2EDS,,,,,8,0,,2011,A01,2020,A01
CSU00XSP2EDS33800,2018,A01,Annual,NA,112.5,,U,00X,3,3,,,,,,,,,,SP2EDS,,,,,8,0,,2011,A01,2020,A01
CSU00XSP2EDS33800,2017,A01,Annual,NA,100.0,,U,00X,3,3,,,,,,,,,,SP2EDS,,,,,8,0,,2011,A01,2020,A01
CSU00XSP2EDS33800,2016,A01,Annual,NA,104.0,,U,00X,3,3,,,,,,,,,,SP2EDS,,,,,8,0,,2011,A01,2020,A01
CSU00XSP2HSA33800,2020,A01,Annual,true,277.8,,U,00X,3,3,,,,,,,,,,SP2HSA,,,,,8,0,,2011,A01,2020,A01
CSU00XSP2HSA33800,2019,A01,Annual,NA,116.0,,U,00X,3,3,,,,,,,,,,SP2HSA,,,,,8,0,,2011,A01,2020,A01
CSU00XSP2HSA33800,2018,A01,Annual,NA,128.1,,U,00X,3,3,,,,,,,,,,SP2HSA,,,,,8,0,,2011,A01,2020,A01
CSU00XSP2HSA33800,2017,A01,Annual,NA,122.5,,U,00X,3,3,,,,,,,,,,SP2HSA,,,,,8,0,,2011,A01,2020,A01
CSU00XSP2HSA33800,2016,A01,Annual,NA,124.8,,U,00X,3,3,,,,,,,,,,SP2HSA,,,,,8,0,,2011,A01,2020,A01
CSU00XSP2PAD33800,2020,A01,Annual,true,291.9,,U,00X,3,3,,,,,,,,,,SP2PAD,,,,,8,0,,2011,A01,2020,A01
CSU00XSP2PAD33800,2019,A01,Annual,NA,212.4,,U,00X,3,3,,,,,,,,,,SP2PAD,,,,,8,0,,2011,A01,2020,A01
CSU00XSP2PAD33800,2018,A01,Annual,NA,226.0,,U,00X,3,3,,,,,,,,,,SP2PAD,,,,,8,0,,2011,A01,2020,A01
CSU00XSP2PAD33800,2017,A01,Annual,NA,243.3,,U,00X,3,3,,,,,,,,,,SP2PAD,,,,,8,0,,2011,A01,2020,A01
CSU00XSP2PAD33800,2016,A01,Annual,NA,237.0,,U,00X,3,3,,,,,,,,,,SP2PAD,,,,,8,0,,2011,A01,2020,A01
