State,State ANSI,County,County ANSI,Commodity,Data Item,Domain,Domain Category,Value
NEBRASKA,31,BUFFALO,19,CATTLE,"CATTLE, COWS, MILK - INVENTORY",INVENTORY OF MILK COWS,INVENTORY OF MILK COWS: (1 TO 9 HEAD),25
NEBRASKA,31,BUFFALO,19,CATTLE,"CATTLE, COWS, MILK - INVENTORY",INVENTORY OF MILK COWS,INVENTORY OF MILK COWS: (500 OR MORE HEAD), (D)
NEBRASKA,31,BUFFALO,19,CATTLE,"CATTLE, COWS, MILK - INVENTORY",TOTAL,NOT SPECIFIED, (D)
NEBRASKA,31,BUFFALO,19,CATTLE,"CATTLE, COWS, MILK - OPERATIONS WITH INVENTORY",INVENTORY OF MILK COWS,INVENTORY OF MILK COWS: (1 TO 9 HEAD),6
NEBRASKA,31,BUFFALO,19,CATTLE,"CATTLE, COWS, MILK - OPERATIONS WITH INVENTORY",INVENTORY OF MILK COWS,INVENTORY OF MILK COWS: (500 OR MORE HEAD),1
NEBRASKA,31,BUFFALO,19,CATTLE,"CATTLE, COWS, MILK - OPERATIONS WITH INVENTORY",TOTAL,NOT SPECIFIED,7
NEBRASKA,31,CUSTER,41,CATTLE,"CATTLE, COWS, MILK - INVENTORY",INVENTORY OF MILK COWS,INVENTORY OF MILK COWS: (1 TO 9 HEAD),45
NEBRASKA,31,CUSTER,41,CATTLE,"CATTLE, COWS, MILK - INVENTORY",INVENTORY OF MILK COWS,INVENTORY OF MILK COWS: (500 OR MORE HEAD), (D)
NEBRASKA,31,CUSTER,41,CATTLE,"CATTLE, COWS, MILK - INVENTORY",TOTAL,NOT SPECIFIED, (D)
NEBRASKA,31,CUSTER,41,CATTLE,"CATTLE, COWS, MILK - OPERATIONS WITH INVENTORY",INVENTORY OF MILK COWS,INVENTORY OF MILK COWS: (1 TO 9 HEAD),13
NEBRASKA,31,CUSTER,41,CATTLE,"CATTLE, COWS, MILK - OPERATIONS WITH INVENTORY",INVENTORY OF MILK COWS,INVENTORY OF MILK COWS: (500 OR MORE HEAD),1
NEBRASKA,31,CUSTER,41,CATTLE,"CATTLE, COWS, MILK - OPERATIONS WITH INVENTORY",TOTAL,NOT SPECIFIED,14
NEBRASKA,31,DAWSON,47,CATTLE,"CATTLE, COWS, MILK - INVENTORY",INVENTORY OF MILK COWS,INVENTORY OF MILK COWS: (1 TO 9 HEAD),6
NEBRASKA,31,DAWSON,47,CATTLE,"CATTLE, COWS, MILK - INVENTORY",TOTAL,NOT SPECIFIED,6
NEBRASKA,31,DAWSON,47,CATTLE,"CATTLE, COWS, MILK - OPERATIONS WITH INVENTORY",INVENTORY OF MILK COWS,INVENTORY OF MILK COWS: (1 TO 9 HEAD),4
NEBRASKA,31,DAWSON,47,CATTLE,"CATTLE, COWS, MILK - OPERATIONS WITH INVENTORY",TOTAL,NOT SPECIFIED,4
NEBRASKA,31,GREELEY,77,CATTLE,"CATTLE, COWS, MILK - INVENTORY",INVENTORY OF MILK COWS,INVENTORY OF MILK COWS: (1 TO 9 HEAD), (D)
NEBRASKA,31,GREELEY,77,CATTLE,"CATTLE, COWS, MILK - INVENTORY",TOTAL,NOT SPECIFIED, (D)
NEBRASKA,31,GREELEY,77,CATTLE,"CATTLE, COWS, MILK - OPERATIONS WITH INVENTORY",INVENTORY OF MILK COWS,INVENTORY OF MILK COWS: (1 TO 9 HEAD),1
NEBRASKA,31,GREELEY,77,CATTLE,"CATTLE, COWS, MILK - OPERATIONS WITH INVENTORY",TOTAL,NOT SPECIFIED,1
NEBRASKA,31,HALL,79,CATTLE,"CATTLE, COWS, MILK - INVENTORY",INVENTORY OF MILK COWS,INVENTORY OF MILK COWS: (1 TO 9 HEAD), (D)
NEBRASKA,31,HALL,79,CATTLE,"CATTLE, COWS, MILK - INVENTORY",INVENTORY OF MILK COWS,INVENTORY OF MILK COWS: (20 TO 49 HEAD), (D)
NEBRASKA,31,HALL,79,CATTLE,"CATTLE, COWS, MILK - INVENTORY",TOTAL,NOT SPECIFIED,72
NEBRASKA,31,HALL,79,CATTLE,"CATTLE, COWS, MILK - OPERATIONS WITH INVENTORY",INVENTORY OF MILK COWS,INVENTORY OF MILK COWS: (1 TO 9 HEAD),4
NEBRASKA,31,HALL,79,CATTLE,"CATTLE, COWS, MILK - OPERATIONS WITH INVENTORY",INVENTORY OF MILK COWS,INVENTORY OF MILK COWS: (20 TO 49 HEAD),2
NEBRASKA,31,HALL,79,CATTLE,"CATTLE, COWS, MILK - OPERATIONS WITH INVENTORY",TOTAL,NOT SPECIFIED,6
NEBRASKA,31,HOWARD,93,CATTLE,"CATTLE, COWS, MILK - INVENTORY",INVENTORY OF MILK COWS,INVENTORY OF MILK COWS: (1 TO 9 HEAD),14
NEBRASKA,31,HOWARD,93,CATTLE,"CATTLE, COWS, MILK - INVENTORY",TOTAL,NOT SPECIFIED,14
NEBRASKA,31,HOWARD,93,CATTLE,"CATTLE, COWS, MILK - OPERATIONS WITH INVENTORY",INVENTORY OF MILK COWS,INVENTORY OF MILK COWS: (1 TO 9 HEAD),4
NEBRASKA,31,HOWARD,93,CATTLE,"CATTLE, COWS, MILK - OPERATIONS WITH INVENTORY",TOTAL,NOT SPECIFIED,4
NEBRASKA,31,VALLEY,175,CATTLE,"CATTLE, COWS, MILK - INVENTORY",INVENTORY OF MILK COWS,INVENTORY OF MILK COWS: (1 TO 9 HEAD), (D)
NEBRASKA,31,VALLEY,175,CATTLE,"CATTLE, COWS, MILK - INVENTORY",TOTAL,NOT SPECIFIED, (D)
NEBRASKA,31,VALLEY,175,CATTLE,"CATTLE, COWS, MILK - OPERATIONS WITH INVENTORY",INVENTORY OF MILK COWS,INVENTORY OF MILK COWS: (1 TO 9 HEAD),2
NEBRASKA,31,VALLEY,175,CATTLE,"CATTLE, COWS, MILK - OPERATIONS WITH INVENTORY",TOTAL,NOT SPECIFIED,2
NEBRASKA,31,BUTLER,23,CATTLE,"CATTLE, COWS, MILK - INVENTORY",INVENTORY OF MILK COWS,INVENTORY OF MILK COWS: (200 TO 499 HEAD), (D)
NEBRASKA,31,BUTLER,23,CATTLE,"CATTLE, COWS, MILK - INVENTORY",INVENTORY OF MILK COWS,INVENTORY OF MILK COWS: (500 OR MORE HEAD), (D)
NEBRASKA,31,BUTLER,23,CATTLE,"CATTLE, COWS, MILK - INVENTORY",TOTAL,NOT SPECIFIED, (D)
NEBRASKA,31,BUTLER,23,CATTLE,"CATTLE, COWS, MILK - OPERATIONS WITH INVENTORY",INVENTORY OF MILK COWS,INVENTORY OF MILK COWS: (200 TO 499 HEAD),1
NEBRASKA,31,BUTLER,23,CATTLE,"CATTLE, COWS, MILK - OPERATIONS WITH INVENTORY",INVENTORY OF MILK COWS,INVENTORY OF MILK COWS: (500 OR MORE HEAD),1
NEBRASKA,31,BUTLER,23,CATTLE,"CATTLE, COWS, MILK - OPERATIONS WITH INVENTORY",TOTAL,NOT SPECIFIED,2
NEBRASKA,31,CASS,25,CATTLE,"CATTLE, COWS, MILK - INVENTORY",INVENTORY OF MILK COWS,INVENTORY OF MILK COWS: (1 TO 9 HEAD),3
NEBRASKA,31,CASS,25,CATTLE,"CATTLE, COWS, MILK - INVENTORY",TOTAL,NOT SPECIFIED,3
NEBRASKA,31,CASS,25,CATTLE,"CATTLE, COWS, MILK - OPERATIONS WITH INVENTORY",INVENTORY OF MILK COWS,INVENTORY OF MILK COWS: (1 TO 9 HEAD),3
NEBRASKA,31,CASS,25,CATTLE,"CATTLE, COWS, MILK - OPERATIONS WITH INVENTORY",TOTAL,NOT SPECIFIED,3
NEBRASKA,31,DODGE,53,CATTLE,"CATTLE, COWS, MILK - INVENTORY",INVENTORY OF MILK COWS,INVENTORY OF MILK COWS: (1 TO 9 HEAD), (D)
NEBRASKA,31,DODGE,53,CATTLE,"CATTLE, COWS, MILK - INVENTORY",TOTAL,NOT SPECIFIED, (D)
NEBRASKA,31,DODGE,53,CATTLE,"CATTLE, COWS, MILK - OPERATIONS WITH INVENTORY",INVENTORY OF MILK COWS,INVENTORY OF MILK COWS: (1 TO 9 HEAD),2
NEBRASKA,31,DODGE,53,CATTLE,"CATTLE, COWS, MILK - OPERATIONS WITH INVENTORY",TOTAL,NOT SPECIFIED,2
NEBRASKA,31,DOUGLAS,55,CATTLE,"CATTLE, COWS, MILK - INVENTORY",INVENTORY OF MILK COWS,INVENTORY OF MILK COWS: (1 TO 9 HEAD), (D)
NEBRASKA,31,DOUGLAS,55,CATTLE,"CATTLE, COWS, MILK - INVENTORY",INVENTORY OF MILK COWS,INVENTORY OF MILK COWS: (50 TO 99 HEAD), (D)
NEBRASKA,31,DOUGLAS,55,CATTLE,"CATTLE, COWS, MILK - INVENTORY",TOTAL,NOT SPECIFIED,112
NEBRASKA,31,DOUGLAS,55,CATTLE,"CATTLE, COWS, MILK - OPERATIONS WITH INVENTORY",INVENTORY OF MILK COWS,INVENTORY OF MILK COWS: (1 TO 9 HEAD),2
NEBRASKA,31,DOUGLAS,55,CATTLE,"CATTLE, COWS, MILK - OPERATIONS WITH INVENTORY",INVENTORY OF MILK COWS,INVENTORY OF MILK COWS: (50 TO 99 HEAD),2
NEBRASKA,31,DOUGLAS,55,CATTLE,"CATTLE, COWS, MILK - OPERATIONS WITH INVENTORY",TOTAL,NOT SPECIFIED,4
NEBRASKA,31,HAMILTON,81,CATTLE,"CATTLE, COWS, MILK - INVENTORY",INVENTORY OF MILK COWS,INVENTORY OF MILK COWS: (1 TO 9 HEAD), (D)
NEBRASKA,31,HAMILTON,81,CATTLE,"CATTLE, COWS, MILK - INVENTORY",INVENTORY OF MILK COWS,INVENTORY OF MILK COWS: (100 TO 199 HEAD), (D)
NEBRASKA,31,HAMILTON,81,CATTLE,"CATTLE, COWS, MILK - INVENTORY",TOTAL,NOT SPECIFIED,242
NEBRASKA,31,HAMILTON,81,CATTLE,"CATTLE, COWS, MILK - OPERATIONS WITH INVENTORY",INVENTORY OF MILK COWS,INVENTORY OF MILK COWS: (1 TO 9 HEAD),6
NEBRASKA,31,HAMILTON,81,CATTLE,"CATTLE, COWS, MILK - OPERATIONS WITH INVENTORY",INVENTORY OF MILK COWS,INVENTORY OF MILK COWS: (100 TO 199 HEAD),2
NEBRASKA,31,HAMILTON,81,CATTLE,"CATTLE, COWS, MILK - OPERATIONS WITH INVENTORY",TOTAL,NOT SPECIFIED,8
NEBRASKA,31,LANCASTER,109,CATTLE,"CATTLE, COWS, MILK - INVENTORY",INVENTORY OF MILK COWS,INVENTORY OF MILK COWS: (1 TO 9 HEAD),29
NEBRASKA,31,LANCASTER,109,CATTLE,"CATTLE, COWS, MILK - INVENTORY",INVENTORY OF MILK COWS,INVENTORY OF MILK COWS: (100 TO 199 HEAD), (D)
NEBRASKA,31,LANCASTER,109,CATTLE,"CATTLE, COWS, MILK - INVENTORY",INVENTORY OF MILK COWS,INVENTORY OF MILK COWS: (500 OR MORE HEAD), (D)
NEBRASKA,31,LANCASTER,109,CATTLE,"CATTLE, COWS, MILK - INVENTORY",TOTAL,NOT SPECIFIED,1904
NEBRASKA,31,LANCASTER,109,CATTLE,"CATTLE, COWS, MILK - OPERATIONS WITH INVENTORY",INVENTORY OF MILK COWS,INVENTORY OF MILK COWS: (1 TO 9 HEAD),8
NEBRASKA,31,LANCASTER,109,CATTLE,"CATTLE, COWS, MILK - OPERATIONS WITH INVENTORY",INVENTORY OF MILK COWS,INVENTORY OF MILK COWS: (100 TO 199 HEAD),2
NEBRASKA,31,LANCASTER,109,CATTLE,"CATTLE, COWS, MILK - OPERATIONS WITH INVENTORY",INVENTORY OF MILK COWS,INVENTORY OF MILK COWS: (500 OR MORE HEAD),1
NEBRASKA,31,LANCASTER,109,CATTLE,"CATTLE, COWS, MILK - OPERATIONS WITH INVENTORY",TOTAL,NOT SPECIFIED,11
NEBRASKA,31,MERRICK,121,CATTLE,"CATTLE, COWS, MILK - INVENTORY",INVENTORY OF MILK COWS,INVENTORY OF MILK COWS: (1 TO 9 HEAD), (D)
NEBRASKA,31,MERRICK,121,CATTLE,"CATTLE, COWS, MILK - INVENTORY",TOTAL,NOT SPECIFIED, (D)
NEBRASKA,31,MERRICK,121,CATTLE,"CATTLE, COWS, MILK - OPERATIONS WITH INVENTORY",INVENTORY OF MILK COWS,INVENTORY OF MILK COWS: (1 TO 9 HEAD),1
NEBRASKA,31,MERRICK,121,CATTLE,"CATTLE, COWS, MILK - OPERATIONS WITH INVENTORY",TOTAL,NOT SPECIFIED,1
NEBRASKA,31,NANCE,125,CATTLE,"CATTLE, COWS, MILK - INVENTORY",INVENTORY OF MILK COWS,INVENTORY OF MILK COWS: (1 TO 9 HEAD), (D)
NEBRASKA,31,NANCE,125,CATTLE,"CATTLE, COWS, MILK - INVENTORY",TOTAL,NOT SPECIFIED, (D)
NEBRASKA,31,NANCE,125,CATTLE,"CATTLE, COWS, MILK - OPERATIONS WITH INVENTORY",INVENTORY OF MILK COWS,INVENTORY OF MILK COWS: (1 TO 9 HEAD),2
NEBRASKA,31,NANCE,125,CATTLE,"CATTLE, COWS, MILK - OPERATIONS WITH INVENTORY",TOTAL,NOT SPECIFIED,2
NEBRASKA,31,PLATTE,141,CATTLE,"CATTLE, COWS, MILK - INVENTORY",INVENTORY OF MILK COWS,INVENTORY OF MILK COWS: (1 TO 9 HEAD), (D)
NEBRASKA,31,PLATTE,141,CATTLE,"CATTLE, COWS, MILK - INVENTORY",INVENTORY OF MILK COWS,INVENTORY OF MILK COWS: (200 TO 499 HEAD), (D)
NEBRASKA,31,PLATTE,141,CATTLE,"CATTLE, COWS, MILK - INVENTORY",INVENTORY OF MILK COWS,INVENTORY OF MILK COWS: (500 OR MORE HEAD), (D)
NEBRASKA,31,PLATTE,141,CATTLE,"CATTLE, COWS, MILK - INVENTORY",TOTAL,NOT SPECIFIED, (D)
NEBRASKA,31,PLATTE,141,CATTLE,"CATTLE, COWS, MILK - OPERATIONS WITH INVENTORY",INVENTORY OF MILK COWS,INVENTORY OF MILK COWS: (1 TO 9 HEAD),1
NEBRASKA,31,PLATTE,141,CATTLE,"CATTLE, COWS, MILK - OPERATIONS WITH INVENTORY",INVENTORY OF MILK COWS,INVENTORY OF MILK COWS: (200 TO 499 HEAD),1
NEBRASKA,31,PLATTE,141,CATTLE,"CATTLE, COWS, MILK - OPERATIONS WITH INVENTORY",INVENTORY OF MILK COWS,INVENTORY OF MILK COWS: (500 OR MORE HEAD),1
NEBRASKA,31,PLATTE,141,CATTLE,"CATTLE, COWS, MILK - OPERATIONS WITH INVENTORY",TOTAL,NOT SPECIFIED,3
NEBRASKA,31,POLK,143,CATTLE,"CATTLE, COWS, MILK - INVENTORY",INVENTORY OF MILK COWS,INVENTORY OF MILK COWS: (1 TO 9 HEAD), (D)
NEBRASKA,31,POLK,143,CATTLE,"CATTLE, COWS, MILK - INVENTORY",INVENTORY OF MILK COWS,INVENTORY OF MILK COWS: (200 TO 499 HEAD), (D)
NEBRASKA,31,POLK,143,CATTLE,"CATTLE, COWS, MILK - INVENTORY",INVENTORY OF MILK COWS,INVENTORY OF MILK COWS: (500 OR MORE HEAD), (D)
NEBRASKA,31,POLK,143,CATTLE,"CATTLE, COWS, MILK - INVENTORY",TOTAL,NOT SPECIFIED, (D)
NEBRASKA,31,POLK,143,CATTLE,"CATTLE, COWS, MILK - OPERATIONS WITH INVENTORY",INVENTORY OF MILK COWS,INVENTORY OF MILK COWS: (1 TO 9 HEAD),2
NEBRASKA,31,POLK,143,CATTLE,"CATTLE, COWS, MILK - OPERATIONS WITH INVENTORY",INVENTORY OF MILK COWS,INVENTORY OF MILK COWS: (200 TO 499 HEAD),1
NEBRASKA,31,POLK,143,CATTLE,"CATTLE, COWS, MILK - OPERATIONS WITH INVENTORY",INVENTORY OF MILK COWS,INVENTORY OF MILK COWS: (500 OR MORE HEAD),1
NEBRASKA,31,POLK,143,CATTLE,"CATTLE, COWS, MILK - OPERATIONS WITH INVENTORY",TOTAL,NOT SPECIFIED,4
NEBRASKA,31,SARPY,153,CATTLE,"CATTLE, COWS, MILK - INVENTORY",INVENTORY OF MILK COWS,INVENTORY OF MILK COWS: (1 TO 9 HEAD), (D)
NEBRASKA,31,SARPY,153,CATTLE,"CATTLE, COWS, MILK - INVENTORY",TOTAL,NOT SPECIFIED, (D)
NEBRASKA,31,SARPY,153,CATTLE,"CATTLE, COWS, MILK - OPERATIONS WITH INVENTORY",INVENTORY OF MILK COWS,INVENTORY OF MILK COWS: (1 TO 9 HEAD),1
NEBRASKA,31,SARPY,153,CATTLE,"CATTLE, COWS, MILK - OPERATIONS WITH INVENTORY",TOTAL,NOT SPECIFIED,1
NEBRASKA,31,SAUNDERS,155,CATTLE,"CATTLE, COWS, MILK - INVENTORY",INVENTORY OF MILK COWS,INVENTORY OF MILK COWS: (1 TO 9 HEAD), (D)
NEBRASKA,31,SAUNDERS,155,CATTLE,"CATTLE, COWS, MILK - INVENTORY",TOTAL,NOT SPECIFIED, (D)
NEBRASKA,31,SAUNDERS,155,CATTLE,"CATTLE, COWS, MILK - OPERATIONS WITH INVENTORY",INVENTORY OF MILK COWS,INVENTORY OF MILK COWS: (1 TO 9 HEAD),1
NEBRASKA,31,SAUNDERS,155,CATTLE,"CATTLE, COWS, MILK - OPERATIONS WITH INVENTORY",TOTAL,NOT SPECIFIED,1
NEBRASKA,31,SEWARD,159,CATTLE,"CATTLE, COWS, MILK - INVENTORY",INVENTORY OF MILK COWS,INVENTORY OF MILK COWS: (1 TO 9 HEAD), (D)
NEBRASKA,31,SEWARD,159,CATTLE,"CATTLE, COWS, MILK - INVENTORY",INVENTORY OF MILK COWS,INVENTORY OF MILK COWS: (10 TO 19 HEAD), (D)
NEBRASKA,31,SEWARD,159,CATTLE,"CATTLE, COWS, MILK - INVENTORY",INVENTORY OF MILK COWS,INVENTORY OF MILK COWS: (100 TO 199 HEAD), (D)
NEBRASKA,31,SEWARD,159,CATTLE,"CATTLE, COWS, MILK - INVENTORY",TOTAL,NOT SPECIFIED,1472
NEBRASKA,31,SEWARD,159,CATTLE,"CATTLE, COWS, MILK - OPERATIONS WITH INVENTORY",INVENTORY OF MILK COWS,INVENTORY OF MILK COWS: (1 TO 9 HEAD),2
NEBRASKA,31,SEWARD,159,CATTLE,"CATTLE, COWS, MILK - OPERATIONS WITH INVENTORY",INVENTORY OF MILK COWS,INVENTORY OF MILK COWS: (10 TO 19 HEAD),1
NEBRASKA,31,SEWARD,159,CATTLE,"CATTLE, COWS, MILK - OPERATIONS WITH INVENTORY",INVENTORY OF MILK COWS,INVENTORY OF MILK COWS: (100 TO 199 HEAD),10
NEBRASKA,31,SEWARD,159,CATTLE,"CATTLE, COWS, MILK - OPERATIONS WITH INVENTORY",TOTAL,NOT SPECIFIED,13
NEBRASKA,31,WASHINGTON,177,CATTLE,"CATTLE, COWS, MILK - INVENTORY",INVENTORY OF MILK COWS,INVENTORY OF MILK COWS: (1 TO 9 HEAD), (D)
NEBRASKA,31,WASHINGTON,177,CATTLE,"CATTLE, COWS, MILK - INVENTORY",INVENTORY OF MILK COWS,INVENTORY OF MILK COWS: (500 OR MORE HEAD), (D)
NEBRASKA,31,WASHINGTON,177,CATTLE,"CATTLE, COWS, MILK - INVENTORY",TOTAL,NOT SPECIFIED,3016
NEBRASKA,31,WASHINGTON,177,CATTLE,"CATTLE, COWS, MILK - OPERATIONS WITH INVENTORY",INVENTORY OF MILK COWS,INVENTORY OF MILK COWS: (1 TO 9 HEAD),2
NEBRASKA,31,WASHINGTON,177,CATTLE,"CATTLE, COWS, MILK - OPERATIONS WITH INVENTORY",INVENTORY OF MILK COWS,INVENTORY OF MILK COWS: (500 OR MORE HEAD),6
NEBRASKA,31,WASHINGTON,177,CATTLE,"CATTLE, COWS, MILK - OPERATIONS WITH INVENTORY",TOTAL,NOT SPECIFIED,8
NEBRASKA,31,ARTHUR,5,CATTLE,"CATTLE, COWS, MILK - INVENTORY",INVENTORY OF MILK COWS,INVENTORY OF MILK COWS: (1 TO 9 HEAD), (D)
NEBRASKA,31,ARTHUR,5,CATTLE,"CATTLE, COWS, MILK - INVENTORY",TOTAL,NOT SPECIFIED, (D)
NEBRASKA,31,ARTHUR,5,CATTLE,"CATTLE, COWS, MILK - OPERATIONS WITH INVENTORY",INVENTORY OF MILK COWS,INVENTORY OF MILK COWS: (1 TO 9 HEAD),1
NEBRASKA,31,ARTHUR,5,CATTLE,"CATTLE, COWS, MILK - OPERATIONS WITH INVENTORY",TOTAL,NOT SPECIFIED,1
NEBRASKA,31,BOYD,15,CATTLE,"CATTLE, COWS, MILK - INVENTORY",INVENTORY OF MILK COWS,INVENTORY OF MILK COWS: (50 TO 99 HEAD),230
NEBRASKA,31,BOYD,15,CATTLE,"CATTLE, COWS, MILK - INVENTORY",TOTAL,NOT SPECIFIED,230
NEBRASKA,31,BOYD,15,CATTLE,"CATTLE, COWS, MILK - OPERATIONS WITH INVENTORY",INVENTORY OF MILK COWS,INVENTORY OF MILK COWS: (50 TO 99 HEAD),3
NEBRASKA,31,BOYD,15,CATTLE,"CATTLE, COWS, MILK - OPERATIONS WITH INVENTORY",TOTAL,NOT SPECIFIED,3
NEBRASKA,31,BROWN,17,CATTLE,"CATTLE, COWS, MILK - INVENTORY",INVENTORY OF MILK COWS,INVENTORY OF MILK COWS: (1 TO 9 HEAD),6
NEBRASKA,31,BROWN,17,CATTLE,"CATTLE, COWS, MILK - INVENTORY",TOTAL,NOT SPECIFIED,6
NEBRASKA,31,BROWN,17,CATTLE,"CATTLE, COWS, MILK - OPERATIONS WITH INVENTORY",INVENTORY OF MILK COWS,INVENTORY OF MILK COWS: (1 TO 9 HEAD),3
NEBRASKA,31,BROWN,17,CATTLE,"CATTLE, COWS, MILK - OPERATIONS WITH INVENTORY",TOTAL,NOT SPECIFIED,3
NEBRASKA,31,CHERRY,31,CATTLE,"CATTLE, COWS, MILK - INVENTORY",INVENTORY OF MILK COWS,INVENTORY OF MILK COWS: (1 TO 9 HEAD),28
NEBRASKA,31,CHERRY,31,CATTLE,"CATTLE, COWS, MILK - INVENTORY",TOTAL,NOT SPECIFIED,28
NEBRASKA,31,CHERRY,31,CATTLE,"CATTLE, COWS, MILK - OPERATIONS WITH INVENTORY",INVENTORY OF MILK COWS,INVENTORY OF MILK COWS: (1 TO 9 HEAD),11
NEBRASKA,31,CHERRY,31,CATTLE,"CATTLE, COWS, MILK - OPERATIONS WITH INVENTORY",TOTAL,NOT SPECIFIED,11
NEBRASKA,31,GARFIELD,71,CATTLE,"CATTLE, COWS, MILK - INVENTORY",INVENTORY OF MILK COWS,INVENTORY OF MILK COWS: (1 TO 9 HEAD), (D)
NEBRASKA,31,GARFIELD,71,CATTLE,"CATTLE, COWS, MILK - INVENTORY",TOTAL,NOT SPECIFIED, (D)
NEBRASKA,31,GARFIELD,71,CATTLE,"CATTLE, COWS, MILK - OPERATIONS WITH INVENTORY",INVENTORY OF MILK COWS,INVENTORY OF MILK COWS: (1 TO 9 HEAD),2
NEBRASKA,31,GARFIELD,71,CATTLE,"CATTLE, COWS, MILK - OPERATIONS WITH INVENTORY",TOTAL,NOT SPECIFIED,2
NEBRASKA,31,GRANT,75,CATTLE,"CATTLE, COWS, MILK - INVENTORY",INVENTORY OF MILK COWS,INVENTORY OF MILK COWS: (1 TO 9 HEAD), (D)
NEBRASKA,31,GRANT,75,CATTLE,"CATTLE, COWS, MILK - INVENTORY",TOTAL,NOT SPECIFIED, (D)
NEBRASKA,31,GRANT,75,CATTLE,"CATTLE, COWS, MILK - OPERATIONS WITH INVENTORY",INVENTORY OF MILK COWS,INVENTORY OF MILK COWS: (1 TO 9 HEAD),1
NEBRASKA,31,GRANT,75,CATTLE,"CATTLE, COWS, MILK - OPERATIONS WITH INVENTORY",TOTAL,NOT SPECIFIED,1
NEBRASKA,31,HOLT,89,CATTLE,"CATTLE, COWS, MILK - INVENTORY",INVENTORY OF MILK COWS,INVENTORY OF MILK COWS: (1 TO 9 HEAD),10
NEBRASKA,31,HOLT,89,CATTLE,"CATTLE, COWS, MILK - INVENTORY",TOTAL,NOT SPECIFIED,10
NEBRASKA,31,HOLT,89,CATTLE,"CATTLE, COWS, MILK - OPERATIONS WITH INVENTORY",INVENTORY OF MILK COWS,INVENTORY OF MILK COWS: (1 TO 9 HEAD),5
NEBRASKA,31,HOLT,89,CATTLE,"CATTLE, COWS, MILK - OPERATIONS WITH INVENTORY",TOTAL,NOT SPECIFIED,5
NEBRASKA,31,KEYA PAHA,103,CATTLE,"CATTLE, COWS, MILK - INVENTORY",INVENTORY OF MILK COWS,INVENTORY OF MILK COWS: (10 TO 19 HEAD), (D)
NEBRASKA,31,KEYA PAHA,103,CATTLE,"CATTLE, COWS, MILK - INVENTORY",TOTAL,NOT SPECIFIED, (D)
NEBRASKA,31,KEYA PAHA,103,CATTLE,"CATTLE, COWS, MILK - OPERATIONS WITH INVENTORY",INVENTORY OF MILK COWS,INVENTORY OF MILK COWS: (10 TO 19 HEAD),2
NEBRASKA,31,KEYA PAHA,103,CATTLE,"CATTLE, COWS, MILK - OPERATIONS WITH INVENTORY",TOTAL,NOT SPECIFIED,2
NEBRASKA,31,LOGAN,113,CATTLE,"CATTLE, COWS, MILK - INVENTORY",INVENTORY OF MILK COWS,INVENTORY OF MILK COWS: (1 TO 9 HEAD), (D)
NEBRASKA,31,LOGAN,113,CATTLE,"CATTLE, COWS, MILK - INVENTORY",TOTAL,NOT SPECIFIED, (D)
NEBRASKA,31,LOGAN,113,CATTLE,"CATTLE, COWS, MILK - OPERATIONS WITH INVENTORY",INVENTORY OF MILK COWS,INVENTORY OF MILK COWS: (1 TO 9 HEAD),1
NEBRASKA,31,LOGAN,113,CATTLE,"CATTLE, COWS, MILK - OPERATIONS WITH INVENTORY",TOTAL,NOT SPECIFIED,1
NEBRASKA,31,LOUP,115,CATTLE,"CATTLE, COWS, MILK - INVENTORY",INVENTORY OF MILK COWS,INVENTORY OF MILK COWS: (1 TO 9 HEAD), (D)
NEBRASKA,31,LOUP,115,CATTLE,"CATTLE, COWS, MILK - INVENTORY",TOTAL,NOT SPECIFIED, (D)
NEBRASKA,31,LOUP,115,CATTLE,"CATTLE, COWS, MILK - OPERATIONS WITH INVENTORY",INVENTORY OF MILK COWS,INVENTORY OF MILK COWS: (1 TO 9 HEAD),2
NEBRASKA,31,LOUP,115,CATTLE,"CATTLE, COWS, MILK - OPERATIONS WITH INVENTORY",TOTAL,NOT SPECIFIED,2
NEBRASKA,31,MCPHERSON,117,CATTLE,"CATTLE, COWS, MILK - INVENTORY",INVENTORY OF MILK COWS,INVENTORY OF MILK COWS: (1 TO 9 HEAD),9
NEBRASKA,31,MCPHERSON,117,CATTLE,"CATTLE, COWS, MILK - INVENTORY",TOTAL,NOT SPECIFIED,9
NEBRASKA,31,MCPHERSON,117,CATTLE,"CATTLE, COWS, MILK - OPERATIONS WITH INVENTORY",INVENTORY OF MILK COWS,INVENTORY OF MILK COWS: (1 TO 9 HEAD),3
NEBRASKA,31,MCPHERSON,117,CATTLE,"CATTLE, COWS, MILK - OPERATIONS WITH INVENTORY",TOTAL,NOT SPECIFIED,3
NEBRASKA,31,ROCK,149,CATTLE,"CATTLE, COWS, MILK - INVENTORY",INVENTORY OF MILK COWS,INVENTORY OF MILK COWS: (1 TO 9 HEAD),12
NEBRASKA,31,ROCK,149,CATTLE,"CATTLE, COWS, MILK - INVENTORY",TOTAL,NOT SPECIFIED,12
NEBRASKA,31,ROCK,149,CATTLE,"CATTLE, COWS, MILK - OPERATIONS WITH INVENTORY",INVENTORY OF MILK COWS,INVENTORY OF MILK COWS: (1 TO 9 HEAD),3
NEBRASKA,31,ROCK,149,CATTLE,"CATTLE, COWS, MILK - OPERATIONS WITH INVENTORY",TOTAL,NOT SPECIFIED,3
NEBRASKA,31,THOMAS,171,CATTLE,"CATTLE, COWS, MILK - INVENTORY",INVENTORY OF MILK COWS,INVENTORY OF MILK COWS: (1 TO 9 HEAD), (D)
NEBRASKA,31,THOMAS,171,CATTLE,"CATTLE, COWS, MILK - INVENTORY",TOTAL,NOT SPECIFIED, (D)
NEBRASKA,31,THOMAS,171,CATTLE,"CATTLE, COWS, MILK - OPERATIONS WITH INVENTORY",INVENTORY OF MILK COWS,INVENTORY OF MILK COWS: (1 TO 9 HEAD),1
NEBRASKA,31,THOMAS,171,CATTLE,"CATTLE, COWS, MILK - OPERATIONS WITH INVENTORY",TOTAL,NOT SPECIFIED,1
NEBRASKA,31,ANTELOPE,3,CATTLE,"CATTLE, COWS, MILK - INVENTORY",INVENTORY OF MILK COWS,INVENTORY OF MILK COWS: (1 TO 9 HEAD),3
NEBRASKA,31,ANTELOPE,3,CATTLE,"CATTLE, COWS, MILK - INVENTORY",INVENTORY OF MILK COWS,INVENTORY OF MILK COWS: (200 TO 499 HEAD), (D)
NEBRASKA,31,ANTELOPE,3,CATTLE,"CATTLE, COWS, MILK - INVENTORY",INVENTORY OF MILK COWS,INVENTORY OF MILK COWS: (500 OR MORE HEAD), (D)
NEBRASKA,31,ANTELOPE,3,CATTLE,"CATTLE, COWS, MILK - INVENTORY",TOTAL,NOT SPECIFIED,4853
NEBRASKA,31,ANTELOPE,3,CATTLE,"CATTLE, COWS, MILK - OPERATIONS WITH INVENTORY",INVENTORY OF MILK COWS,INVENTORY OF MILK COWS: (1 TO 9 HEAD),3
NEBRASKA,31,ANTELOPE,3,CATTLE,"CATTLE, COWS, MILK - OPERATIONS WITH INVENTORY",INVENTORY OF MILK COWS,INVENTORY OF MILK COWS: (200 TO 499 HEAD),3
NEBRASKA,31,ANTELOPE,3,CATTLE,"CATTLE, COWS, MILK - OPERATIONS WITH INVENTORY",INVENTORY OF MILK COWS,INVENTORY OF MILK COWS: (500 OR MORE HEAD),2
NEBRASKA,31,ANTELOPE,3,CATTLE,"CATTLE, COWS, MILK - OPERATIONS WITH INVENTORY",TOTAL,NOT SPECIFIED,8
NEBRASKA,31,CEDAR,27,CATTLE,"CATTLE, COWS, MILK - INVENTORY",INVENTORY OF MILK COWS,INVENTORY OF MILK COWS: (20 TO 49 HEAD), (D)
NEBRASKA,31,CEDAR,27,CATTLE,"CATTLE, COWS, MILK - INVENTORY",INVENTORY OF MILK COWS,INVENTORY OF MILK COWS: (200 TO 499 HEAD), (D)
NEBRASKA,31,CEDAR,27,CATTLE,"CATTLE, COWS, MILK - INVENTORY",INVENTORY OF MILK COWS,INVENTORY OF MILK COWS: (50 TO 99 HEAD),208
NEBRASKA,31,CEDAR,27,CATTLE,"CATTLE, COWS, MILK - INVENTORY",TOTAL,NOT SPECIFIED,518
NEBRASKA,31,CEDAR,27,CATTLE,"CATTLE, COWS, MILK - OPERATIONS WITH INVENTORY",INVENTORY OF MILK COWS,INVENTORY OF MILK COWS: (20 TO 49 HEAD),4
NEBRASKA,31,CEDAR,27,CATTLE,"CATTLE, COWS, MILK - OPERATIONS WITH INVENTORY",INVENTORY OF MILK COWS,INVENTORY OF MILK COWS: (200 TO 499 HEAD),1
NEBRASKA,31,CEDAR,27,CATTLE,"CATTLE, COWS, MILK - OPERATIONS WITH INVENTORY",INVENTORY OF MILK COWS,INVENTORY OF MILK COWS: (50 TO 99 HEAD),4
NEBRASKA,31,CEDAR,27,CATTLE,"CATTLE, COWS, MILK - OPERATIONS WITH INVENTORY",TOTAL,NOT SPECIFIED,9
NEBRASKA,31,CUMING,39,CATTLE,"CATTLE, COWS, MILK - INVENTORY",INVENTORY OF MILK COWS,INVENTORY OF MILK COWS: (1 TO 9 HEAD),6
NEBRASKA,31,CUMING,39,CATTLE,"CATTLE, COWS, MILK - INVENTORY",INVENTORY OF MILK COWS,INVENTORY OF MILK COWS: (500 OR MORE HEAD), (D)
NEBRASKA,31,CUMING,39,CATTLE,"CATTLE, COWS, MILK - INVENTORY",TOTAL,NOT SPECIFIED, (D)
NEBRASKA,31,CUMING,39,CATTLE,"CATTLE, COWS, MILK - OPERATIONS WITH INVENTORY",INVENTORY OF MILK COWS,INVENTORY OF MILK COWS: (1 TO 9 HEAD),6
NEBRASKA,31,CUMING,39,CATTLE,"CATTLE, COWS, MILK - OPERATIONS WITH INVENTORY",INVENTORY OF MILK COWS,INVENTORY OF MILK COWS: (500 OR MORE HEAD),1
NEBRASKA,31,CUMING,39,CATTLE,"CATTLE, COWS, MILK - OPERATIONS WITH INVENTORY",TOTAL,NOT SPECIFIED,7
NEBRASKA,31,DAKOTA,43,CATTLE,"CATTLE, COWS, MILK - INVENTORY",INVENTORY OF MILK COWS,INVENTORY OF MILK COWS: (1 TO 9 HEAD),7
NEBRASKA,31,DAKOTA,43,CATTLE,"CATTLE, COWS, MILK - INVENTORY",TOTAL,NOT SPECIFIED,7
NEBRASKA,31,DAKOTA,43,CATTLE,"CATTLE, COWS, MILK - OPERATIONS WITH INVENTORY",INVENTORY OF MILK COWS,INVENTORY OF MILK COWS: (1 TO 9 HEAD),7
NEBRASKA,31,DAKOTA,43,CATTLE,"CATTLE, COWS, MILK - OPERATIONS WITH INVENTORY",TOTAL,NOT SPECIFIED,7
NEBRASKA,31,DIXON,51,CATTLE,"CATTLE, COWS, MILK - INVENTORY",INVENTORY OF MILK COWS,INVENTORY OF MILK COWS: (10 TO 19 HEAD), (D)
NEBRASKA,31,DIXON,51,CATTLE,"CATTLE, COWS, MILK - INVENTORY",INVENTORY OF MILK COWS,INVENTORY OF MILK COWS: (500 OR MORE HEAD), (D)
NEBRASKA,31,DIXON,51,CATTLE,"CATTLE, COWS, MILK - INVENTORY",TOTAL,NOT SPECIFIED, (D)
NEBRASKA,31,DIXON,51,CATTLE,"CATTLE, COWS, MILK - OPERATIONS WITH INVENTORY",INVENTORY OF MILK COWS,INVENTORY OF MILK COWS: (10 TO 19 HEAD),2
NEBRASKA,31,DIXON,51,CATTLE,"CATTLE, COWS, MILK - OPERATIONS WITH INVENTORY",INVENTORY OF MILK COWS,INVENTORY OF MILK COWS: (500 OR MORE HEAD),1
NEBRASKA,31,DIXON,51,CATTLE,"CATTLE, COWS, MILK - OPERATIONS WITH INVENTORY",TOTAL,NOT SPECIFIED,3
NEBRASKA,31,KNOX,107,CATTLE,"CATTLE, COWS, MILK - INVENTORY",INVENTORY OF MILK COWS,INVENTORY OF MILK COWS: (10 TO 19 HEAD), (D)
NEBRASKA,31,KNOX,107,CATTLE,"CATTLE, COWS, MILK - INVENTORY",TOTAL,NOT SPECIFIED, (D)
NEBRASKA,31,KNOX,107,CATTLE,"CATTLE, COWS, MILK - OPERATIONS WITH INVENTORY",INVENTORY OF MILK COWS,INVENTORY OF MILK COWS: (10 TO 19 HEAD),2
NEBRASKA,31,KNOX,107,CATTLE,"CATTLE, COWS, MILK - OPERATIONS WITH INVENTORY",TOTAL,NOT SPECIFIED,2
NEBRASKA,31,MADISON,119,CATTLE,"CATTLE, COWS, MILK - INVENTORY",INVENTORY OF MILK COWS,INVENTORY OF MILK COWS: (500 OR MORE HEAD), (D)
NEBRASKA,31,MADISON,119,CATTLE,"CATTLE, COWS, MILK - INVENTORY",TOTAL,NOT SPECIFIED, (D)
NEBRASKA,31,MADISON,119,CATTLE,"CATTLE, COWS, MILK - OPERATIONS WITH INVENTORY",INVENTORY OF MILK COWS,INVENTORY OF MILK COWS: (500 OR MORE HEAD),1
NEBRASKA,31,MADISON,119,CATTLE,"CATTLE, COWS, MILK - OPERATIONS WITH INVENTORY",TOTAL,NOT SPECIFIED,1
NEBRASKA,31,PIERCE,139,CATTLE,"CATTLE, COWS, MILK - INVENTORY",INVENTORY OF MILK COWS,INVENTORY OF MILK COWS: (10 TO 19 HEAD), (D)
NEBRASKA,31,PIERCE,139,CATTLE,"CATTLE, COWS, MILK - INVENTORY",TOTAL,NOT SPECIFIED, (D)
NEBRASKA,31,PIERCE,139,CATTLE,"CATTLE, COWS, MILK - OPERATIONS WITH INVENTORY",INVENTORY OF MILK COWS,INVENTORY OF MILK COWS: (10 TO 19 HEAD),2
NEBRASKA,31,PIERCE,139,CATTLE,"CATTLE, COWS, MILK - OPERATIONS WITH INVENTORY",TOTAL,NOT SPECIFIED,2
NEBRASKA,31,STANTON,167,CATTLE,"CATTLE, COWS, MILK - INVENTORY",INVENTORY OF MILK COWS,INVENTORY OF MILK COWS: (50 TO 99 HEAD), (D)
NEBRASKA,31,STANTON,167,CATTLE,"CATTLE, COWS, MILK - INVENTORY",TOTAL,NOT SPECIFIED, (D)
NEBRASKA,31,STANTON,167,CATTLE,"CATTLE, COWS, MILK - OPERATIONS WITH INVENTORY",INVENTORY OF MILK COWS,INVENTORY OF MILK COWS: (50 TO 99 HEAD),2
NEBRASKA,31,STANTON,167,CATTLE,"CATTLE, COWS, MILK - OPERATIONS WITH INVENTORY",TOTAL,NOT SPECIFIED,2
NEBRASKA,31,THURSTON,173,CATTLE,"CATTLE, COWS, MILK - INVENTORY",INVENTORY OF MILK COWS,INVENTORY OF MILK COWS: (200 TO 499 HEAD), (D)
NEBRASKA,31,THURSTON,173,CATTLE,"CATTLE, COWS, MILK - INVENTORY",TOTAL,NOT SPECIFIED, (D)
NEBRASKA,31,THURSTON,173,CATTLE,"CATTLE, COWS, MILK - OPERATIONS WITH INVENTORY",INVENTORY OF MILK COWS,INVENTORY OF MILK COWS: (200 TO 499 HEAD),1
NEBRASKA,31,THURSTON,173,CATTLE,"CATTLE, COWS, MILK - OPERATIONS WITH INVENTORY",TOTAL,NOT SPECIFIED,1
NEBRASKA,31,WAYNE,179,CATTLE,"CATTLE, COWS, MILK - INVENTORY",INVENTORY OF MILK COWS,INVENTORY OF MILK COWS: (200 TO 499 HEAD), (D)
NEBRASKA,31,WAYNE,179,CATTLE,"CATTLE, COWS, MILK - INVENTORY",INVENTORY OF MILK COWS,INVENTORY OF MILK COWS: (500 OR MORE HEAD), (D)
NEBRASKA,31,WAYNE,179,CATTLE,"CATTLE, COWS, MILK - INVENTORY",TOTAL,NOT SPECIFIED,7490
NEBRASKA,31,WAYNE,179,CATTLE,"CATTLE, COWS, MILK - OPERATIONS WITH INVENTORY",INVENTORY OF MILK COWS,INVENTORY OF MILK COWS: (200 TO 499 HEAD),1
NEBRASKA,31,WAYNE,179,CATTLE,"CATTLE, COWS, MILK - OPERATIONS WITH INVENTORY",INVENTORY OF MILK COWS,INVENTORY OF MILK COWS: (500 OR MORE HEAD),5
NEBRASKA,31,WAYNE,179,CATTLE,"CATTLE, COWS, MILK - OPERATIONS WITH INVENTORY",TOTAL,NOT SPECIFIED,6
NEBRASKA,31,BOX BUTTE,13,CATTLE,"CATTLE, COWS, MILK - INVENTORY",INVENTORY OF MILK COWS,INVENTORY OF MILK COWS: (1 TO 9 HEAD),6
NEBRASKA,31,BOX BUTTE,13,CATTLE,"CATTLE, COWS, MILK - INVENTORY",TOTAL,NOT SPECIFIED,6
NEBRASKA,31,BOX BUTTE,13,CATTLE,"CATTLE, COWS, MILK - OPERATIONS WITH INVENTORY",INVENTORY OF MILK COWS,INVENTORY OF MILK COWS: (1 TO 9 HEAD),4
NEBRASKA,31,BOX BUTTE,13,CATTLE,"CATTLE, COWS, MILK - OPERATIONS WITH INVENTORY",TOTAL,NOT SPECIFIED,4
NEBRASKA,31,CHEYENNE,33,CATTLE,"CATTLE, COWS, MILK - INVENTORY",INVENTORY OF MILK COWS,INVENTORY OF MILK COWS: (1 TO 9 HEAD), (D)
NEBRASKA,31,CHEYENNE,33,CATTLE,"CATTLE, COWS, MILK - INVENTORY",TOTAL,NOT SPECIFIED, (D)
NEBRASKA,31,CHEYENNE,33,CATTLE,"CATTLE, COWS, MILK - OPERATIONS WITH INVENTORY",INVENTORY OF MILK COWS,INVENTORY OF MILK COWS: (1 TO 9 HEAD),2
NEBRASKA,31,CHEYENNE,33,CATTLE,"CATTLE, COWS, MILK - OPERATIONS WITH INVENTORY",TOTAL,NOT SPECIFIED,2
NEBRASKA,31,DAWES,45,CATTLE,"CATTLE, COWS, MILK - INVENTORY",INVENTORY OF MILK COWS,INVENTORY OF MILK COWS: (1 TO 9 HEAD),10
NEBRASKA,31,DAWES,45,CATTLE,"CATTLE, COWS, MILK - INVENTORY",TOTAL,NOT SPECIFIED,10
NEBRASKA,31,DAWES,45,CATTLE,"CATTLE, COWS, MILK - OPERATIONS WITH INVENTORY",INVENTORY OF MILK COWS,INVENTORY OF MILK COWS: (1 TO 9 HEAD),6
NEBRASKA,31,DAWES,45,CATTLE,"CATTLE, COWS, MILK - OPERATIONS WITH INVENTORY",TOTAL,NOT SPECIFIED,6
NEBRASKA,31,GARDEN,69,CATTLE,"CATTLE, COWS, MILK - INVENTORY",INVENTORY OF MILK COWS,INVENTORY OF MILK COWS: (1 TO 9 HEAD),6
NEBRASKA,31,GARDEN,69,CATTLE,"CATTLE, COWS, MILK - INVENTORY",TOTAL,NOT SPECIFIED,6
NEBRASKA,31,GARDEN,69,CATTLE,"CATTLE, COWS, MILK - OPERATIONS WITH INVENTORY",INVENTORY OF MILK COWS,INVENTORY OF MILK COWS: (1 TO 9 HEAD),4
NEBRASKA,31,GARDEN,69,CATTLE,"CATTLE, COWS, MILK - OPERATIONS WITH INVENTORY",TOTAL,NOT SPECIFIED,4
NEBRASKA,31,KIMBALL,105,CATTLE,"CATTLE, COWS, MILK - INVENTORY",INVENTORY OF MILK COWS,INVENTORY OF MILK COWS: (1 TO 9 HEAD),14
NEBRASKA,31,KIMBALL,105,CATTLE,"CATTLE, COWS, MILK - INVENTORY",TOTAL,NOT SPECIFIED,14
NEBRASKA,31,KIMBALL,105,CATTLE,"CATTLE, COWS, MILK - OPERATIONS WITH INVENTORY",INVENTORY OF MILK COWS,INVENTORY OF MILK COWS: (1 TO 9 HEAD),6
NEBRASKA,31,KIMBALL,105,CATTLE,"CATTLE, COWS, MILK - OPERATIONS WITH INVENTORY",TOTAL,NOT SPECIFIED,6
NEBRASKA,31,MORRILL,123,CATTLE,"CATTLE, COWS, MILK - INVENTORY",INVENTORY OF MILK COWS,INVENTORY OF MILK COWS: (1 TO 9 HEAD), (D)
NEBRASKA,31,MORRILL,123,CATTLE,"CATTLE, COWS, MILK - INVENTORY",TOTAL,NOT SPECIFIED, (D)
NEBRASKA,31,MORRILL,123,CATTLE,"CATTLE, COWS, MILK - OPERATIONS WITH INVENTORY",INVENTORY OF MILK COWS,INVENTORY OF MILK COWS: (1 TO 9 HEAD),1
NEBRASKA,31,MORRILL,123,CATTLE,"CATTLE, COWS, MILK - OPERATIONS WITH INVENTORY",TOTAL,NOT SPECIFIED,1
NEBRASKA,31,SCOTTS BLUFF,157,CATTLE,"CATTLE, COWS, MILK - INVENTORY",INVENTORY OF MILK COWS,INVENTORY OF MILK COWS: (1 TO 9 HEAD),16
NEBRASKA,31,SCOTTS BLUFF,157,CATTLE,"CATTLE, COWS, MILK - INVENTORY",TOTAL,NOT SPECIFIED,16
NEBRASKA,31,SCOTTS BLUFF,157,CATTLE,"CATTLE, COWS, MILK - OPERATIONS WITH INVENTORY",INVENTORY OF MILK COWS,INVENTORY OF MILK COWS: (1 TO 9 HEAD),11
NEBRASKA,31,SCOTTS BLUFF,157,CATTLE,"CATTLE, COWS, MILK - OPERATIONS WITH INVENTORY",TOTAL,NOT SPECIFIED,11
NEBRASKA,31,SHERIDAN,161,CATTLE,"CATTLE, COWS, MILK - INVENTORY",INVENTORY OF MILK COWS,INVENTORY OF MILK COWS: (1 TO 9 HEAD),10
NEBRASKA,31,SHERIDAN,161,CATTLE,"CATTLE, COWS, MILK - INVENTORY",TOTAL,NOT SPECIFIED,10
NEBRASKA,31,SHERIDAN,161,CATTLE,"CATTLE, COWS, MILK - OPERATIONS WITH INVENTORY",INVENTORY OF MILK COWS,INVENTORY OF MILK COWS: (1 TO 9 HEAD),5
NEBRASKA,31,SHERIDAN,161,CATTLE,"CATTLE, COWS, MILK - OPERATIONS WITH INVENTORY",TOTAL,NOT SPECIFIED,5
NEBRASKA,31,SIOUX,165,CATTLE,"CATTLE, COWS, MILK - INVENTORY",INVENTORY OF MILK COWS,INVENTORY OF MILK COWS: (1 TO 9 HEAD), (D)
NEBRASKA,31,SIOUX,165,CATTLE,"CATTLE, COWS, MILK - INVENTORY",INVENTORY OF MILK COWS,INVENTORY OF MILK COWS: (10 TO 19 HEAD), (D)
NEBRASKA,31,SIOUX,165,CATTLE,"CATTLE, COWS, MILK - INVENTORY",TOTAL,NOT SPECIFIED, (D)
NEBRASKA,31,SIOUX,165,CATTLE,"CATTLE, COWS, MILK - OPERATIONS WITH INVENTORY",INVENTORY OF MILK COWS,INVENTORY OF MILK COWS: (1 TO 9 HEAD),1
NEBRASKA,31,SIOUX,165,CATTLE,"CATTLE, COWS, MILK - OPERATIONS WITH INVENTORY",INVENTORY OF MILK COWS,INVENTORY OF MILK COWS: (10 TO 19 HEAD),1
NEBRASKA,31,SIOUX,165,CATTLE,"CATTLE, COWS, MILK - OPERATIONS WITH INVENTORY",TOTAL,NOT SPECIFIED,2
NEBRASKA,31,FRANKLIN,61,CATTLE,"CATTLE, COWS, MILK - INVENTORY",INVENTORY OF MILK COWS,INVENTORY OF MILK COWS: (1 TO 9 HEAD),14
NEBRASKA,31,FRANKLIN,61,CATTLE,"CATTLE, COWS, MILK - INVENTORY",TOTAL,NOT SPECIFIED,14
NEBRASKA,31,FRANKLIN,61,CATTLE,"CATTLE, COWS, MILK - OPERATIONS WITH INVENTORY",INVENTORY OF MILK COWS,INVENTORY OF MILK COWS: (1 TO 9 HEAD),4
NEBRASKA,31,FRANKLIN,61,CATTLE,"CATTLE, COWS, MILK - OPERATIONS WITH INVENTORY",TOTAL,NOT SPECIFIED,4
NEBRASKA,31,FURNAS,65,CATTLE,"CATTLE, COWS, MILK - INVENTORY",INVENTORY OF MILK COWS,INVENTORY OF MILK COWS: (500 OR MORE HEAD), (D)
NEBRASKA,31,FURNAS,65,CATTLE,"CATTLE, COWS, MILK - INVENTORY",TOTAL,NOT SPECIFIED, (D)
NEBRASKA,31,FURNAS,65,CATTLE,"CATTLE, COWS, MILK - OPERATIONS WITH INVENTORY",INVENTORY OF MILK COWS,INVENTORY OF MILK COWS: (500 OR MORE HEAD),1
NEBRASKA,31,FURNAS,65,CATTLE,"CATTLE, COWS, MILK - OPERATIONS WITH INVENTORY",TOTAL,NOT SPECIFIED,1
NEBRASKA,31,HARLAN,83,CATTLE,"CATTLE, COWS, MILK - INVENTORY",INVENTORY OF MILK COWS,INVENTORY OF MILK COWS: (1 TO 9 HEAD), (D)
NEBRASKA,31,HARLAN,83,CATTLE,"CATTLE, COWS, MILK - INVENTORY",TOTAL,NOT SPECIFIED, (D)
NEBRASKA,31,HARLAN,83,CATTLE,"CATTLE, COWS, MILK - OPERATIONS WITH INVENTORY",INVENTORY OF MILK COWS,INVENTORY OF MILK COWS: (1 TO 9 HEAD),1
NEBRASKA,31,HARLAN,83,CATTLE,"CATTLE, COWS, MILK - OPERATIONS WITH INVENTORY",TOTAL,NOT SPECIFIED,1
NEBRASKA,31,PHELPS,137,CATTLE,"CATTLE, COWS, MILK - INVENTORY",INVENTORY OF MILK COWS,INVENTORY OF MILK COWS: (1 TO 9 HEAD),10
NEBRASKA,31,PHELPS,137,CATTLE,"CATTLE, COWS, MILK - INVENTORY",TOTAL,NOT SPECIFIED,10
NEBRASKA,31,PHELPS,137,CATTLE,"CATTLE, COWS, MILK - OPERATIONS WITH INVENTORY",INVENTORY OF MILK COWS,INVENTORY OF MILK COWS: (1 TO 9 HEAD),5
NEBRASKA,31,PHELPS,137,CATTLE,"CATTLE, COWS, MILK - OPERATIONS WITH INVENTORY",TOTAL,NOT SPECIFIED,5
NEBRASKA,31,WEBSTER,181,CATTLE,"CATTLE, COWS, MILK - INVENTORY",INVENTORY OF MILK COWS,INVENTORY OF MILK COWS: (100 TO 199 HEAD), (D)
NEBRASKA,31,WEBSTER,181,CATTLE,"CATTLE, COWS, MILK - INVENTORY",TOTAL,NOT SPECIFIED, (D)
NEBRASKA,31,WEBSTER,181,CATTLE,"CATTLE, COWS, MILK - OPERATIONS WITH INVENTORY",INVENTORY OF MILK COWS,INVENTORY OF MILK COWS: (100 TO 199 HEAD),2
NEBRASKA,31,WEBSTER,181,CATTLE,"CATTLE, COWS, MILK - OPERATIONS WITH INVENTORY",TOTAL,NOT SPECIFIED,2
NEBRASKA,31,CLAY,35,CATTLE,"CATTLE, COWS, MILK - INVENTORY",INVENTORY OF MILK COWS,INVENTORY OF MILK COWS: (100 TO 199 HEAD), (D)
NEBRASKA,31,CLAY,35,CATTLE,"CATTLE, COWS, MILK - INVENTORY",TOTAL,NOT SPECIFIED, (D)
NEBRASKA,31,CLAY,35,CATTLE,"CATTLE, COWS, MILK - OPERATIONS WITH INVENTORY",INVENTORY OF MILK COWS,INVENTORY OF MILK COWS: (100 TO 199 HEAD),2
NEBRASKA,31,CLAY,35,CATTLE,"CATTLE, COWS, MILK - OPERATIONS WITH INVENTORY",TOTAL,NOT SPECIFIED,2
NEBRASKA,31,GAGE,67,CATTLE,"CATTLE, COWS, MILK - INVENTORY",INVENTORY OF MILK COWS,INVENTORY OF MILK COWS: (1 TO 9 HEAD), (D)
NEBRASKA,31,GAGE,67,CATTLE,"CATTLE, COWS, MILK - INVENTORY",INVENTORY OF MILK COWS,INVENTORY OF MILK COWS: (10 TO 19 HEAD), (D)
NEBRASKA,31,GAGE,67,CATTLE,"CATTLE, COWS, MILK - INVENTORY",INVENTORY OF MILK COWS,INVENTORY OF MILK COWS: (20 TO 49 HEAD),164
NEBRASKA,31,GAGE,67,CATTLE,"CATTLE, COWS, MILK - INVENTORY",INVENTORY OF MILK COWS,INVENTORY OF MILK COWS: (50 TO 99 HEAD), (D)
NEBRASKA,31,GAGE,67,CATTLE,"CATTLE, COWS, MILK - INVENTORY",TOTAL,NOT SPECIFIED,346
NEBRASKA,31,GAGE,67,CATTLE,"CATTLE, COWS, MILK - OPERATIONS WITH INVENTORY",INVENTORY OF MILK COWS,INVENTORY OF MILK COWS: (1 TO 9 HEAD),2
NEBRASKA,31,GAGE,67,CATTLE,"CATTLE, COWS, MILK - OPERATIONS WITH INVENTORY",INVENTORY OF MILK COWS,INVENTORY OF MILK COWS: (10 TO 19 HEAD),2
NEBRASKA,31,GAGE,67,CATTLE,"CATTLE, COWS, MILK - OPERATIONS WITH INVENTORY",INVENTORY OF MILK COWS,INVENTORY OF MILK COWS: (20 TO 49 HEAD),4
NEBRASKA,31,GAGE,67,CATTLE,"CATTLE, COWS, MILK - OPERATIONS WITH INVENTORY",INVENTORY OF MILK COWS,INVENTORY OF MILK COWS: (50 TO 99 HEAD),2
NEBRASKA,31,GAGE,67,CATTLE,"CATTLE, COWS, MILK - OPERATIONS WITH INVENTORY",TOTAL,NOT SPECIFIED,10
NEBRASKA,31,JEFFERSON,95,CATTLE,"CATTLE, COWS, MILK - INVENTORY",INVENTORY OF MILK COWS,INVENTORY OF MILK COWS: (1 TO 9 HEAD),12
NEBRASKA,31,JEFFERSON,95,CATTLE,"CATTLE, COWS, MILK - INVENTORY",INVENTORY OF MILK COWS,INVENTORY OF MILK COWS: (200 TO 499 HEAD), (D)
NEBRASKA,31,JEFFERSON,95,CATTLE,"CATTLE, COWS, MILK - INVENTORY",INVENTORY OF MILK COWS,INVENTORY OF MILK COWS: (50 TO 99 HEAD),256
NEBRASKA,31,JEFFERSON,95,CATTLE,"CATTLE, COWS, MILK - INVENTORY",INVENTORY OF MILK COWS,INVENTORY OF MILK COWS: (500 OR MORE HEAD), (D)
NEBRASKA,31,JEFFERSON,95,CATTLE,"CATTLE, COWS, MILK - INVENTORY",TOTAL,NOT SPECIFIED,2388
NEBRASKA,31,JEFFERSON,95,CATTLE,"CATTLE, COWS, MILK - OPERATIONS WITH INVENTORY",INVENTORY OF MILK COWS,INVENTORY OF MILK COWS: (1 TO 9 HEAD),3
NEBRASKA,31,JEFFERSON,95,CATTLE,"CATTLE, COWS, MILK - OPERATIONS WITH INVENTORY",INVENTORY OF MILK COWS,INVENTORY OF MILK COWS: (200 TO 499 HEAD),2
NEBRASKA,31,JEFFERSON,95,CATTLE,"CATTLE, COWS, MILK - OPERATIONS WITH INVENTORY",INVENTORY OF MILK COWS,INVENTORY OF MILK COWS: (50 TO 99 HEAD),3
NEBRASKA,31,JEFFERSON,95,CATTLE,"CATTLE, COWS, MILK - OPERATIONS WITH INVENTORY",INVENTORY OF MILK COWS,INVENTORY OF MILK COWS: (500 OR MORE HEAD),1
NEBRASKA,31,JEFFERSON,95,CATTLE,"CATTLE, COWS, MILK - OPERATIONS WITH INVENTORY",TOTAL,NOT SPECIFIED,9
NEBRASKA,31,JOHNSON,97,CATTLE,"CATTLE, COWS, MILK - INVENTORY",INVENTORY OF MILK COWS,INVENTORY OF MILK COWS: (1 TO 9 HEAD), (D)
NEBRASKA,31,JOHNSON,97,CATTLE,"CATTLE, COWS, MILK - INVENTORY",TOTAL,NOT SPECIFIED, (D)
NEBRASKA,31,JOHNSON,97,CATTLE,"CATTLE, COWS, MILK - OPERATIONS WITH INVENTORY",INVENTORY OF MILK COWS,INVENTORY OF MILK COWS: (1 TO 9 HEAD),2
NEBRASKA,31,JOHNSON,97,CATTLE,"CATTLE, COWS, MILK - OPERATIONS WITH INVENTORY",TOTAL,NOT SPECIFIED,2
NEBRASKA,31,NUCKOLLS,129,CATTLE,"CATTLE, COWS, MILK - INVENTORY",INVENTORY OF MILK COWS,INVENTORY OF MILK COWS: (1 TO 9 HEAD), (D)
NEBRASKA,31,NUCKOLLS,129,CATTLE,"CATTLE, COWS, MILK - INVENTORY",TOTAL,NOT SPECIFIED, (D)
NEBRASKA,31,NUCKOLLS,129,CATTLE,"CATTLE, COWS, MILK - OPERATIONS WITH INVENTORY",INVENTORY OF MILK COWS,INVENTORY OF MILK COWS: (1 TO 9 HEAD),1
NEBRASKA,31,NUCKOLLS,129,CATTLE,"CATTLE, COWS, MILK - OPERATIONS WITH INVENTORY",TOTAL,NOT SPECIFIED,1
NEBRASKA,31,OTOE,131,CATTLE,"CATTLE, COWS, MILK - INVENTORY",INVENTORY OF MILK COWS,INVENTORY OF MILK COWS: (20 TO 49 HEAD), (D)
NEBRASKA,31,OTOE,131,CATTLE,"CATTLE, COWS, MILK - INVENTORY",TOTAL,NOT SPECIFIED, (D)
NEBRASKA,31,OTOE,131,CATTLE,"CATTLE, COWS, MILK - OPERATIONS WITH INVENTORY",INVENTORY OF MILK COWS,INVENTORY OF MILK COWS: (20 TO 49 HEAD),2
NEBRASKA,31,OTOE,131,CATTLE,"CATTLE, COWS, MILK - OPERATIONS WITH INVENTORY",TOTAL,NOT SPECIFIED,2
NEBRASKA,31,RICHARDSON,147,CATTLE,"CATTLE, COWS, MILK - INVENTORY",INVENTORY OF MILK COWS,INVENTORY OF MILK COWS: (1 TO 9 HEAD), (D)
NEBRASKA,31,RICHARDSON,147,CATTLE,"CATTLE, COWS, MILK - INVENTORY",INVENTORY OF MILK COWS,INVENTORY OF MILK COWS: (20 TO 49 HEAD), (D)
NEBRASKA,31,RICHARDSON,147,CATTLE,"CATTLE, COWS, MILK - INVENTORY",TOTAL,NOT SPECIFIED,96
NEBRASKA,31,RICHARDSON,147,CATTLE,"CATTLE, COWS, MILK - OPERATIONS WITH INVENTORY",INVENTORY OF MILK COWS,INVENTORY OF MILK COWS: (1 TO 9 HEAD),2
NEBRASKA,31,RICHARDSON,147,CATTLE,"CATTLE, COWS, MILK - OPERATIONS WITH INVENTORY",INVENTORY OF MILK COWS,INVENTORY OF MILK COWS: (20 TO 49 HEAD),2
NEBRASKA,31,RICHARDSON,147,CATTLE,"CATTLE, COWS, MILK - OPERATIONS WITH INVENTORY",TOTAL,NOT SPECIFIED,4
NEBRASKA,31,THAYER,169,CATTLE,"CATTLE, COWS, MILK - INVENTORY",INVENTORY OF MILK COWS,INVENTORY OF MILK COWS: (200 TO 499 HEAD), (D)
NEBRASKA,31,THAYER,169,CATTLE,"CATTLE, COWS, MILK - INVENTORY",TOTAL,NOT SPECIFIED, (D)
NEBRASKA,31,THAYER,169,CATTLE,"CATTLE, COWS, MILK - OPERATIONS WITH INVENTORY",INVENTORY OF MILK COWS,INVENTORY OF MILK COWS: (200 TO 499 HEAD),1
NEBRASKA,31,THAYER,169,CATTLE,"CATTLE, COWS, MILK - OPERATIONS WITH INVENTORY",TOTAL,NOT SPECIFIED,1
NEBRASKA,31,FRONTIER,63,CATTLE,"CATTLE, COWS, MILK - INVENTORY",INVENTORY OF MILK COWS,INVENTORY OF MILK COWS: (1 TO 9 HEAD), (D)
NEBRASKA,31,FRONTIER,63,CATTLE,"CATTLE, COWS, MILK - INVENTORY",TOTAL,NOT SPECIFIED, (D)
NEBRASKA,31,FRONTIER,63,CATTLE,"CATTLE, COWS, MILK - OPERATIONS WITH INVENTORY",INVENTORY OF MILK COWS,INVENTORY OF MILK COWS: (1 TO 9 HEAD),2
NEBRASKA,31,FRONTIER,63,CATTLE,"CATTLE, COWS, MILK - OPERATIONS WITH INVENTORY",TOTAL,NOT SPECIFIED,2
NEBRASKA,31,HITCHCOCK,87,CATTLE,"CATTLE, COWS, MILK - INVENTORY",INVENTORY OF MILK COWS,INVENTORY OF MILK COWS: (1 TO 9 HEAD),3
NEBRASKA,31,HITCHCOCK,87,CATTLE,"CATTLE, COWS, MILK - INVENTORY",TOTAL,NOT SPECIFIED,3
NEBRASKA,31,HITCHCOCK,87,CATTLE,"CATTLE, COWS, MILK - OPERATIONS WITH INVENTORY",INVENTORY OF MILK COWS,INVENTORY OF MILK COWS: (1 TO 9 HEAD),3
NEBRASKA,31,HITCHCOCK,87,CATTLE,"CATTLE, COWS, MILK - OPERATIONS WITH INVENTORY",TOTAL,NOT SPECIFIED,3
NEBRASKA,31,KEITH,101,CATTLE,"CATTLE, COWS, MILK - INVENTORY",INVENTORY OF MILK COWS,INVENTORY OF MILK COWS: (1 TO 9 HEAD),12
NEBRASKA,31,KEITH,101,CATTLE,"CATTLE, COWS, MILK - INVENTORY",TOTAL,NOT SPECIFIED,12
NEBRASKA,31,KEITH,101,CATTLE,"CATTLE, COWS, MILK - OPERATIONS WITH INVENTORY",INVENTORY OF MILK COWS,INVENTORY OF MILK COWS: (1 TO 9 HEAD),6
NEBRASKA,31,KEITH,101,CATTLE,"CATTLE, COWS, MILK - OPERATIONS WITH INVENTORY",TOTAL,NOT SPECIFIED,6
NEBRASKA,31,LINCOLN,111,CATTLE,"CATTLE, COWS, MILK - INVENTORY",INVENTORY OF MILK COWS,INVENTORY OF MILK COWS: (1 TO 9 HEAD),15
NEBRASKA,31,LINCOLN,111,CATTLE,"CATTLE, COWS, MILK - INVENTORY",INVENTORY OF MILK COWS,INVENTORY OF MILK COWS: (10 TO 19 HEAD),40
NEBRASKA,31,LINCOLN,111,CATTLE,"CATTLE, COWS, MILK - INVENTORY",TOTAL,NOT SPECIFIED,55
NEBRASKA,31,LINCOLN,111,CATTLE,"CATTLE, COWS, MILK - OPERATIONS WITH INVENTORY",INVENTORY OF MILK COWS,INVENTORY OF MILK COWS: (1 TO 9 HEAD),8
NEBRASKA,31,LINCOLN,111,CATTLE,"CATTLE, COWS, MILK - OPERATIONS WITH INVENTORY",INVENTORY OF MILK COWS,INVENTORY OF MILK COWS: (10 TO 19 HEAD),4
NEBRASKA,31,LINCOLN,111,CATTLE,"CATTLE, COWS, MILK - OPERATIONS WITH INVENTORY",TOTAL,NOT SPECIFIED,12
NEBRASKA,31,PERKINS,135,CATTLE,"CATTLE, COWS, MILK - INVENTORY",INVENTORY OF MILK COWS,INVENTORY OF MILK COWS: (1 TO 9 HEAD), (D)
NEBRASKA,31,PERKINS,135,CATTLE,"CATTLE, COWS, MILK - INVENTORY",TOTAL,NOT SPECIFIED, (D)
NEBRASKA,31,PERKINS,135,CATTLE,"CATTLE, COWS, MILK - OPERATIONS WITH INVENTORY",INVENTORY OF MILK COWS,INVENTORY OF MILK COWS: (1 TO 9 HEAD),2
NEBRASKA,31,PERKINS,135,CATTLE,"CATTLE, COWS, MILK - OPERATIONS WITH INVENTORY",TOTAL,NOT SPECIFIED,2
NEBRASKA,31,RED WILLOW,145,CATTLE,"CATTLE, COWS, MILK - INVENTORY",INVENTORY OF MILK COWS,INVENTORY OF MILK COWS: (1 TO 9 HEAD), (D)
NEBRASKA,31,RED WILLOW,145,CATTLE,"CATTLE, COWS, MILK - INVENTORY",INVENTORY OF MILK COWS,INVENTORY OF MILK COWS: (500 OR MORE HEAD), (D)
NEBRASKA,31,RED WILLOW,145,CATTLE,"CATTLE, COWS, MILK - INVENTORY",TOTAL,NOT SPECIFIED, (D)
NEBRASKA,31,RED WILLOW,145,CATTLE,"CATTLE, COWS, MILK - OPERATIONS WITH INVENTORY",INVENTORY OF MILK COWS,INVENTORY OF MILK COWS: (1 TO 9 HEAD),1
NEBRASKA,31,RED WILLOW,145,CATTLE,"CATTLE, COWS, MILK - OPERATIONS WITH INVENTORY",INVENTORY OF MILK COWS,INVENTORY OF MILK COWS: (500 OR MORE HEAD),2
NEBRASKA,31,RED WILLOW,145,CATTLE,"CATTLE, COWS, MILK - OPERATIONS WITH INVENTORY",TOTAL,NOT SPECIFIED,3
NEBRASKA,31,BUFFALO,19,GOATS,GOATS - INVENTORY,TOTAL,NOT SPECIFIED,1631
NEBRASKA,31,BUFFALO,19,GOATS,GOATS - OPERATIONS WITH INVENTORY,TOTAL,NOT SPECIFIED,19
NEBRASKA,31,BUFFALO,19,GOATS,"GOATS, MEAT & OTHER - INVENTORY",TOTAL,NOT SPECIFIED,1506
NEBRASKA,31,BUFFALO,19,GOATS,"GOATS, MEAT & OTHER - OPERATIONS WITH INVENTORY",TOTAL,NOT SPECIFIED,16
NEBRASKA,31,BUFFALO,19,GOATS,"GOATS, MILK - INVENTORY",TOTAL,NOT SPECIFIED,125
NEBRASKA,31,BUFFALO,19,GOATS,"GOATS, MILK - OPERATIONS WITH INVENTORY",TOTAL,NOT SPECIFIED,10
NEBRASKA,31,CUSTER,41,GOATS,GOATS - INVENTORY,TOTAL,NOT SPECIFIED,760
NEBRASKA,31,CUSTER,41,GOATS,GOATS - OPERATIONS WITH INVENTORY,TOTAL,NOT SPECIFIED,31
NEBRASKA,31,CUSTER,41,GOATS,"GOATS, MEAT & OTHER - INVENTORY",TOTAL,NOT SPECIFIED,699
NEBRASKA,31,CUSTER,41,GOATS,"GOATS, MEAT & OTHER - OPERATIONS WITH INVENTORY",TOTAL,NOT SPECIFIED,28
NEBRASKA,31,CUSTER,41,GOATS,"GOATS, MILK - INVENTORY",TOTAL,NOT SPECIFIED,61
NEBRASKA,31,CUSTER,41,GOATS,"GOATS, MILK - OPERATIONS WITH INVENTORY",TOTAL,NOT SPECIFIED,5
NEBRASKA,31,DAWSON,47,GOATS,GOATS - INVENTORY,TOTAL,NOT SPECIFIED,198
NEBRASKA,31,DAWSON,47,GOATS,GOATS - OPERATIONS WITH INVENTORY,TOTAL,NOT SPECIFIED,19
NEBRASKA,31,DAWSON,47,GOATS,"GOATS, ANGORA - INVENTORY",TOTAL,NOT SPECIFIED, (D)
NEBRASKA,31,DAWSON,47,GOATS,"GOATS, ANGORA - OPERATIONS WITH INVENTORY",TOTAL,NOT SPECIFIED,2
NEBRASKA,31,DAWSON,47,GOATS,"GOATS, MEAT & OTHER - INVENTORY",TOTAL,NOT SPECIFIED, (D)
NEBRASKA,31,DAWSON,47,GOATS,"GOATS, MEAT & OTHER - OPERATIONS WITH INVENTORY",TOTAL,NOT SPECIFIED,11
NEBRASKA,31,DAWSON,47,GOATS,"GOATS, MILK - INVENTORY",TOTAL,NOT SPECIFIED,96
NEBRASKA,31,DAWSON,47,GOATS,"GOATS, MILK - OPERATIONS WITH INVENTORY",TOTAL,NOT SPECIFIED,8
NEBRASKA,31,GREELEY,77,GOATS,GOATS - INVENTORY,TOTAL,NOT SPECIFIED, (D)
NEBRASKA,31,GREELEY,77,GOATS,GOATS - OPERATIONS WITH INVENTORY,TOTAL,NOT SPECIFIED,1
NEBRASKA,31,GREELEY,77,GOATS,"GOATS, MEAT & OTHER - INVENTORY",TOTAL,NOT SPECIFIED, (D)
NEBRASKA,31,GREELEY,77,GOATS,"GOATS, MEAT & OTHER - OPERATIONS WITH INVENTORY",TOTAL,NOT SPECIFIED,1
NEBRASKA,31,HALL,79,GOATS,GOATS - INVENTORY,TOTAL,NOT SPECIFIED,192
NEBRASKA,31,HALL,79,GOATS,GOATS - OPERATIONS WITH INVENTORY,TOTAL,NOT SPECIFIED,9
NEBRASKA,31,HALL,79,GOATS,"GOATS, MEAT & OTHER - INVENTORY",TOTAL,NOT SPECIFIED,78
NEBRASKA,31,HALL,79,GOATS,"GOATS, MEAT & OTHER - OPERATIONS WITH INVENTORY",TOTAL,NOT SPECIFIED,4
NEBRASKA,31,HALL,79,GOATS,"GOATS, MILK - INVENTORY",TOTAL,NOT SPECIFIED,114
NEBRASKA,31,HALL,79,GOATS,"GOATS, MILK - OPERATIONS WITH INVENTORY",TOTAL,NOT SPECIFIED,7
NEBRASKA,31,HOWARD,93,GOATS,GOATS - INVENTORY,TOTAL,NOT SPECIFIED,686
NEBRASKA,31,HOWARD,93,GOATS,GOATS - OPERATIONS WITH INVENTORY,TOTAL,NOT SPECIFIED,26
NEBRASKA,31,HOWARD,93,GOATS,"GOATS, MEAT & OTHER - INVENTORY",TOTAL,NOT SPECIFIED,654
NEBRASKA,31,HOWARD,93,GOATS,"GOATS, MEAT & OTHER - OPERATIONS WITH INVENTORY",TOTAL,NOT SPECIFIED,24
NEBRASKA,31,HOWARD,93,GOATS,"GOATS, MILK - INVENTORY",TOTAL,NOT SPECIFIED,32
NEBRASKA,31,HOWARD,93,GOATS,"GOATS, MILK - OPERATIONS WITH INVENTORY",TOTAL,NOT SPECIFIED,4
NEBRASKA,31,SHERMAN,163,GOATS,GOATS - INVENTORY,TOTAL,NOT SPECIFIED, (D)
NEBRASKA,31,SHERMAN,163,GOATS,GOATS - OPERATIONS WITH INVENTORY,TOTAL,NOT SPECIFIED,2
NEBRASKA,31,SHERMAN,163,GOATS,"GOATS, MILK - INVENTORY",TOTAL,NOT SPECIFIED, (D)
NEBRASKA,31,SHERMAN,163,GOATS,"GOATS, MILK - OPERATIONS WITH INVENTORY",TOTAL,NOT SPECIFIED,2
NEBRASKA,31,VALLEY,175,GOATS,GOATS - INVENTORY,TOTAL,NOT SPECIFIED,134
NEBRASKA,31,VALLEY,175,GOATS,GOATS - OPERATIONS WITH INVENTORY,TOTAL,NOT SPECIFIED,5
NEBRASKA,31,VALLEY,175,GOATS,"GOATS, MEAT & OTHER - INVENTORY",TOTAL,NOT SPECIFIED,134
NEBRASKA,31,VALLEY,175,GOATS,"GOATS, MEAT & OTHER - OPERATIONS WITH INVENTORY",TOTAL,NOT SPECIFIED,5
NEBRASKA,31,BUTLER,23,GOATS,GOATS - INVENTORY,TOTAL,NOT SPECIFIED,507
NEBRASKA,31,BUTLER,23,GOATS,GOATS - OPERATIONS WITH INVENTORY,TOTAL,NOT SPECIFIED,26
NEBRASKA,31,BUTLER,23,GOATS,"GOATS, MEAT & OTHER - INVENTORY",TOTAL,NOT SPECIFIED,422
NEBRASKA,31,BUTLER,23,GOATS,"GOATS, MEAT & OTHER - OPERATIONS WITH INVENTORY",TOTAL,NOT SPECIFIED,20
NEBRASKA,31,BUTLER,23,GOATS,"GOATS, MILK - INVENTORY",TOTAL,NOT SPECIFIED,85
NEBRASKA,31,BUTLER,23,GOATS,"GOATS, MILK - OPERATIONS WITH INVENTORY",TOTAL,NOT SPECIFIED,6
NEBRASKA,31,CASS,25,GOATS,GOATS - INVENTORY,TOTAL,NOT SPECIFIED,185
NEBRASKA,31,CASS,25,GOATS,GOATS - OPERATIONS WITH INVENTORY,TOTAL,NOT SPECIFIED,13
NEBRASKA,31,CASS,25,GOATS,"GOATS, MEAT & OTHER - INVENTORY",TOTAL,NOT SPECIFIED,137
NEBRASKA,31,CASS,25,GOATS,"GOATS, MEAT & OTHER - OPERATIONS WITH INVENTORY",TOTAL,NOT SPECIFIED,13
NEBRASKA,31,CASS,25,GOATS,"GOATS, MILK - INVENTORY",TOTAL,NOT SPECIFIED,48
NEBRASKA,31,CASS,25,GOATS,"GOATS, MILK - OPERATIONS WITH INVENTORY",TOTAL,NOT SPECIFIED,3
NEBRASKA,31,COLFAX,37,GOATS,GOATS - INVENTORY,TOTAL,NOT SPECIFIED,569
NEBRASKA,31,COLFAX,37,GOATS,GOATS - OPERATIONS WITH INVENTORY,TOTAL,NOT SPECIFIED,8
NEBRASKA,31,COLFAX,37,GOATS,"GOATS, MEAT & OTHER - INVENTORY",TOTAL,NOT SPECIFIED,569
NEBRASKA,31,COLFAX,37,GOATS,"GOATS, MEAT & OTHER - OPERATIONS WITH INVENTORY",TOTAL,NOT SPECIFIED,8
NEBRASKA,31,DODGE,53,GOATS,GOATS - INVENTORY,TOTAL,NOT SPECIFIED,263
NEBRASKA,31,DODGE,53,GOATS,GOATS - OPERATIONS WITH INVENTORY,TOTAL,NOT SPECIFIED,26
NEBRASKA,31,DODGE,53,GOATS,"GOATS, ANGORA - INVENTORY",TOTAL,NOT SPECIFIED,87
NEBRASKA,31,DODGE,53,GOATS,"GOATS, ANGORA - OPERATIONS WITH INVENTORY",TOTAL,NOT SPECIFIED,6
NEBRASKA,31,DODGE,53,GOATS,"GOATS, MEAT & OTHER - INVENTORY",TOTAL,NOT SPECIFIED,162
NEBRASKA,31,DODGE,53,GOATS,"GOATS, MEAT & OTHER - OPERATIONS WITH INVENTORY",TOTAL,NOT SPECIFIED,20
NEBRASKA,31,DODGE,53,GOATS,"GOATS, MILK - INVENTORY",TOTAL,NOT SPECIFIED,14
NEBRASKA,31,DODGE,53,GOATS,"GOATS, MILK - OPERATIONS WITH INVENTORY",TOTAL,NOT SPECIFIED,4
NEBRASKA,31,DOUGLAS,55,GOATS,GOATS - INVENTORY,TOTAL,NOT SPECIFIED,486
NEBRASKA,31,DOUGLAS,55,GOATS,GOATS - OPERATIONS WITH INVENTORY,TOTAL,NOT SPECIFIED,28
NEBRASKA,31,DOUGLAS,55,GOATS,"GOATS, ANGORA - INVENTORY",TOTAL,NOT SPECIFIED,8
NEBRASKA,31,DOUGLAS,55,GOATS,"GOATS, ANGORA - OPERATIONS WITH INVENTORY",TOTAL,NOT SPECIFIED,4
NEBRASKA,31,DOUGLAS,55,GOATS,"GOATS, MEAT & OTHER - INVENTORY",TOTAL,NOT SPECIFIED,282
NEBRASKA,31,DOUGLAS,55,GOATS,"GOATS, MEAT & OTHER - OPERATIONS WITH INVENTORY",TOTAL,NOT SPECIFIED,16
NEBRASKA,31,DOUGLAS,55,GOATS,"GOATS, MILK - INVENTORY",TOTAL,NOT SPECIFIED,196
NEBRASKA,31,DOUGLAS,55,GOATS,"GOATS, MILK - OPERATIONS WITH INVENTORY",TOTAL,NOT SPECIFIED,10
NEBRASKA,31,HAMILTON,81,GOATS,GOATS - INVENTORY,TOTAL,NOT SPECIFIED, (D)
NEBRASKA,31,HAMILTON,81,GOATS,GOATS - OPERATIONS WITH INVENTORY,TOTAL,NOT SPECIFIED,2
NEBRASKA,31,HAMILTON,81,GOATS,"GOATS, MEAT & OTHER - INVENTORY",TOTAL,NOT SPECIFIED, (D)
NEBRASKA,31,HAMILTON,81,GOATS,"GOATS, MEAT & OTHER - OPERATIONS WITH INVENTORY",TOTAL,NOT SPECIFIED,2
NEBRASKA,31,LANCASTER,109,GOATS,GOATS - INVENTORY,TOTAL,NOT SPECIFIED,1112
NEBRASKA,31,LANCASTER,109,GOATS,GOATS - OPERATIONS WITH INVENTORY,TOTAL,NOT SPECIFIED,62
NEBRASKA,31,LANCASTER,109,GOATS,"GOATS, MEAT & OTHER - INVENTORY",TOTAL,NOT SPECIFIED,759
NEBRASKA,31,LANCASTER,109,GOATS,"GOATS, MEAT & OTHER - OPERATIONS WITH INVENTORY",TOTAL,NOT SPECIFIED,50
NEBRASKA,31,LANCASTER,109,GOATS,"GOATS, MILK - INVENTORY",TOTAL,NOT SPECIFIED,353
NEBRASKA,31,LANCASTER,109,GOATS,"GOATS, MILK - OPERATIONS WITH INVENTORY",TOTAL,NOT SPECIFIED,15
NEBRASKA,31,MERRICK,121,GOATS,GOATS - INVENTORY,TOTAL,NOT SPECIFIED,682
NEBRASKA,31,MERRICK,121,GOATS,GOATS - OPERATIONS WITH INVENTORY,TOTAL,NOT SPECIFIED,13
NEBRASKA,31,MERRICK,121,GOATS,"GOATS, MEAT & OTHER - INVENTORY",TOTAL,NOT SPECIFIED, (D)
NEBRASKA,31,MERRICK,121,GOATS,"GOATS, MEAT & OTHER - OPERATIONS WITH INVENTORY",TOTAL,NOT SPECIFIED,13
NEBRASKA,31,MERRICK,121,GOATS,"GOATS, MILK - INVENTORY",TOTAL,NOT SPECIFIED, (D)
NEBRASKA,31,MERRICK,121,GOATS,"GOATS, MILK - OPERATIONS WITH INVENTORY",TOTAL,NOT SPECIFIED,2
NEBRASKA,31,NANCE,125,GOATS,GOATS - INVENTORY,TOTAL,NOT SPECIFIED, (D)
NEBRASKA,31,NANCE,125,GOATS,GOATS - OPERATIONS WITH INVENTORY,TOTAL,NOT SPECIFIED,3
NEBRASKA,31,NANCE,125,GOATS,"GOATS, ANGORA - INVENTORY",TOTAL,NOT SPECIFIED, (D)
NEBRASKA,31,NANCE,125,GOATS,"GOATS, ANGORA - OPERATIONS WITH INVENTORY",TOTAL,NOT SPECIFIED,1
NEBRASKA,31,NANCE,125,GOATS,"GOATS, MEAT & OTHER - INVENTORY",TOTAL,NOT SPECIFIED, (D)
NEBRASKA,31,NANCE,125,GOATS,"GOATS, MEAT & OTHER - OPERATIONS WITH INVENTORY",TOTAL,NOT SPECIFIED,2
NEBRASKA,31,PLATTE,141,GOATS,GOATS - INVENTORY,TOTAL,NOT SPECIFIED, (D)
NEBRASKA,31,PLATTE,141,GOATS,GOATS - OPERATIONS WITH INVENTORY,TOTAL,NOT SPECIFIED,10
NEBRASKA,31,PLATTE,141,GOATS,"GOATS, MEAT & OTHER - INVENTORY",TOTAL,NOT SPECIFIED, (D)
NEBRASKA,31,PLATTE,141,GOATS,"GOATS, MEAT & OTHER - OPERATIONS WITH INVENTORY",TOTAL,NOT SPECIFIED,7
NEBRASKA,31,PLATTE,141,GOATS,"GOATS, MILK - INVENTORY",TOTAL,NOT SPECIFIED,30
NEBRASKA,31,PLATTE,141,GOATS,"GOATS, MILK - OPERATIONS WITH INVENTORY",TOTAL,NOT SPECIFIED,7
NEBRASKA,31,POLK,143,GOATS,GOATS - INVENTORY,TOTAL,NOT SPECIFIED,225
NEBRASKA,31,POLK,143,GOATS,GOATS - OPERATIONS WITH INVENTORY,TOTAL,NOT SPECIFIED,3
NEBRASKA,31,POLK,143,GOATS,"GOATS, MILK - INVENTORY",TOTAL,NOT SPECIFIED,225
NEBRASKA,31,POLK,143,GOATS,"GOATS, MILK - OPERATIONS WITH INVENTORY",TOTAL,NOT SPECIFIED,3
NEBRASKA,31,SARPY,153,GOATS,GOATS - INVENTORY,TOTAL,NOT SPECIFIED,620
NEBRASKA,31,SARPY,153,GOATS,GOATS - OPERATIONS WITH INVENTORY,TOTAL,NOT SPECIFIED,21
NEBRASKA,31,SARPY,153,GOATS,"GOATS, ANGORA - INVENTORY",TOTAL,NOT SPECIFIED, (D)
NEBRASKA,31,SARPY,153,GOATS,"GOATS, ANGORA - OPERATIONS WITH INVENTORY",TOTAL,NOT SPECIFIED,1
NEBRASKA,31,SARPY,153,GOATS,"GOATS, MEAT & OTHER - INVENTORY",TOTAL,NOT SPECIFIED,565
NEBRASKA,31,SARPY,153,GOATS,"GOATS, MEAT & OTHER - OPERATIONS WITH INVENTORY",TOTAL,NOT SPECIFIED,15
NEBRASKA,31,SARPY,153,GOATS,"GOATS, MILK - INVENTORY",TOTAL,NOT SPECIFIED, (D)
NEBRASKA,31,SARPY,153,GOATS,"GOATS, MILK - OPERATIONS WITH INVENTORY",TOTAL,NOT SPECIFIED,9
NEBRASKA,31,SAUNDERS,155,GOATS,GOATS - INVENTORY,TOTAL,NOT SPECIFIED,1521
NEBRASKA,31,SAUNDERS,155,GOATS,GOATS - OPERATIONS WITH INVENTORY,TOTAL,NOT SPECIFIED,49
NEBRASKA,31,SAUNDERS,155,GOATS,"GOATS, ANGORA - INVENTORY",TOTAL,NOT SPECIFIED, (D)
NEBRASKA,31,SAUNDERS,155,GOATS,"GOATS, ANGORA - OPERATIONS WITH INVENTORY",TOTAL,NOT SPECIFIED,2
NEBRASKA,31,SAUNDERS,155,GOATS,"GOATS, MEAT & OTHER - INVENTORY",TOTAL,NOT SPECIFIED,1208
NEBRASKA,31,SAUNDERS,155,GOATS,"GOATS, MEAT & OTHER - OPERATIONS WITH INVENTORY",TOTAL,NOT SPECIFIED,35
NEBRASKA,31,SAUNDERS,155,GOATS,"GOATS, MILK - INVENTORY",TOTAL,NOT SPECIFIED, (D)
NEBRASKA,31,SAUNDERS,155,GOATS,"GOATS, MILK - OPERATIONS WITH INVENTORY",TOTAL,NOT SPECIFIED,12
NEBRASKA,31,SEWARD,159,GOATS,GOATS - INVENTORY,TOTAL,NOT SPECIFIED,993
NEBRASKA,31,SEWARD,159,GOATS,GOATS - OPERATIONS WITH INVENTORY,TOTAL,NOT SPECIFIED,30
NEBRASKA,31,SEWARD,159,GOATS,"GOATS, ANGORA - INVENTORY",TOTAL,NOT SPECIFIED,6
NEBRASKA,31,SEWARD,159,GOATS,"GOATS, ANGORA - OPERATIONS WITH INVENTORY",TOTAL,NOT SPECIFIED,3
NEBRASKA,31,SEWARD,159,GOATS,"GOATS, MEAT & OTHER - INVENTORY",TOTAL,NOT SPECIFIED,851
NEBRASKA,31,SEWARD,159,GOATS,"GOATS, MEAT & OTHER - OPERATIONS WITH INVENTORY",TOTAL,NOT SPECIFIED,17
NEBRASKA,31,SEWARD,159,GOATS,"GOATS, MILK - INVENTORY",TOTAL,NOT SPECIFIED,136
NEBRASKA,31,SEWARD,159,GOATS,"GOATS, MILK - OPERATIONS WITH INVENTORY",TOTAL,NOT SPECIFIED,11
NEBRASKA,31,WASHINGTON,177,GOATS,GOATS - INVENTORY,TOTAL,NOT SPECIFIED,1510
NEBRASKA,31,WASHINGTON,177,GOATS,GOATS - OPERATIONS WITH INVENTORY,TOTAL,NOT SPECIFIED,37
NEBRASKA,31,WASHINGTON,177,GOATS,"GOATS, MEAT & OTHER - INVENTORY",TOTAL,NOT SPECIFIED,1099
NEBRASKA,31,WASHINGTON,177,GOATS,"GOATS, MEAT & OTHER - OPERATIONS WITH INVENTORY",TOTAL,NOT SPECIFIED,31
NEBRASKA,31,WASHINGTON,177,GOATS,"GOATS, MILK - INVENTORY",TOTAL,NOT SPECIFIED,411
NEBRASKA,31,WASHINGTON,177,GOATS,"GOATS, MILK - OPERATIONS WITH INVENTORY",TOTAL,NOT SPECIFIED,12
NEBRASKA,31,YORK,185,GOATS,GOATS - INVENTORY,TOTAL,NOT SPECIFIED, (D)
NEBRASKA,31,YORK,185,GOATS,GOATS - OPERATIONS WITH INVENTORY,TOTAL,NOT SPECIFIED,4
NEBRASKA,31,YORK,185,GOATS,"GOATS, MEAT & OTHER - INVENTORY",TOTAL,NOT SPECIFIED, (D)
NEBRASKA,31,YORK,185,GOATS,"GOATS, MEAT & OTHER - OPERATIONS WITH INVENTORY",TOTAL,NOT SPECIFIED,4
NEBRASKA,31,BLAINE,9,GOATS,GOATS - INVENTORY,TOTAL,NOT SPECIFIED, (D)
NEBRASKA,31,BLAINE,9,GOATS,GOATS - OPERATIONS WITH INVENTORY,TOTAL,NOT SPECIFIED,2
NEBRASKA,31,BLAINE,9,GOATS,"GOATS, MEAT & OTHER - INVENTORY",TOTAL,NOT SPECIFIED, (D)
NEBRASKA,31,BLAINE,9,GOATS,"GOATS, MEAT & OTHER - OPERATIONS WITH INVENTORY",TOTAL,NOT SPECIFIED,2
NEBRASKA,31,BOYD,15,GOATS,GOATS - INVENTORY,TOTAL,NOT SPECIFIED, (D)
NEBRASKA,31,BOYD,15,GOATS,GOATS - OPERATIONS WITH INVENTORY,TOTAL,NOT SPECIFIED,2
NEBRASKA,31,BOYD,15,GOATS,"GOATS, MEAT & OTHER - INVENTORY",TOTAL,NOT SPECIFIED, (D)
NEBRASKA,31,BOYD,15,GOATS,"GOATS, MEAT & OTHER - OPERATIONS WITH INVENTORY",TOTAL,NOT SPECIFIED,2
NEBRASKA,31,BROWN,17,GOATS,GOATS - INVENTORY,TOTAL,NOT SPECIFIED,408
NEBRASKA,31,BROWN,17,GOATS,GOATS - OPERATIONS WITH INVENTORY,TOTAL,NOT SPECIFIED,12
NEBRASKA,31,BROWN,17,GOATS,"GOATS, MEAT & OTHER - INVENTORY",TOTAL,NOT SPECIFIED,357
NEBRASKA,31,BROWN,17,GOATS,"GOATS, MEAT & OTHER - OPERATIONS WITH INVENTORY",TOTAL,NOT SPECIFIED,9
NEBRASKA,31,BROWN,17,GOATS,"GOATS, MILK - INVENTORY",TOTAL,NOT SPECIFIED,51
NEBRASKA,31,BROWN,17,GOATS,"GOATS, MILK - OPERATIONS WITH INVENTORY",TOTAL,NOT SPECIFIED,3
NEBRASKA,31,CHERRY,31,GOATS,GOATS - INVENTORY,TOTAL,NOT SPECIFIED,101
NEBRASKA,31,CHERRY,31,GOATS,GOATS - OPERATIONS WITH INVENTORY,TOTAL,NOT SPECIFIED,5
NEBRASKA,31,CHERRY,31,GOATS,"GOATS, MEAT & OTHER - INVENTORY",TOTAL,NOT SPECIFIED, (D)
NEBRASKA,31,CHERRY,31,GOATS,"GOATS, MEAT & OTHER - OPERATIONS WITH INVENTORY",TOTAL,NOT SPECIFIED,3
NEBRASKA,31,CHERRY,31,GOATS,"GOATS, MILK - INVENTORY",TOTAL,NOT SPECIFIED, (D)
NEBRASKA,31,CHERRY,31,GOATS,"GOATS, MILK - OPERATIONS WITH INVENTORY",TOTAL,NOT SPECIFIED,2
NEBRASKA,31,GARFIELD,71,GOATS,GOATS - INVENTORY,TOTAL,NOT SPECIFIED,672
NEBRASKA,31,GARFIELD,71,GOATS,GOATS - OPERATIONS WITH INVENTORY,TOTAL,NOT SPECIFIED,12
NEBRASKA,31,GARFIELD,71,GOATS,"GOATS, MEAT & OTHER - INVENTORY",TOTAL,NOT SPECIFIED,648
NEBRASKA,31,GARFIELD,71,GOATS,"GOATS, MEAT & OTHER - OPERATIONS WITH INVENTORY",TOTAL,NOT SPECIFIED,12
NEBRASKA,31,GARFIELD,71,GOATS,"GOATS, MILK - INVENTORY",TOTAL,NOT SPECIFIED,24
NEBRASKA,31,GARFIELD,71,GOATS,"GOATS, MILK - OPERATIONS WITH INVENTORY",TOTAL,NOT SPECIFIED,9
NEBRASKA,31,GRANT,75,GOATS,GOATS - INVENTORY,TOTAL,NOT SPECIFIED, (D)
NEBRASKA,31,GRANT,75,GOATS,GOATS - OPERATIONS WITH INVENTORY,TOTAL,NOT SPECIFIED,2
NEBRASKA,31,GRANT,75,GOATS,"GOATS, MEAT & OTHER - INVENTORY",TOTAL,NOT SPECIFIED, (D)
NEBRASKA,31,GRANT,75,GOATS,"GOATS, MEAT & OTHER - OPERATIONS WITH INVENTORY",TOTAL,NOT SPECIFIED,2
NEBRASKA,31,HOLT,89,GOATS,GOATS - INVENTORY,TOTAL,NOT SPECIFIED,937
NEBRASKA,31,HOLT,89,GOATS,GOATS - OPERATIONS WITH INVENTORY,TOTAL,NOT SPECIFIED,46
NEBRASKA,31,HOLT,89,GOATS,"GOATS, MEAT & OTHER - INVENTORY",TOTAL,NOT SPECIFIED,812
NEBRASKA,31,HOLT,89,GOATS,"GOATS, MEAT & OTHER - OPERATIONS WITH INVENTORY",TOTAL,NOT SPECIFIED,28
NEBRASKA,31,HOLT,89,GOATS,"GOATS, MILK - INVENTORY",TOTAL,NOT SPECIFIED,125
NEBRASKA,31,HOLT,89,GOATS,"GOATS, MILK - OPERATIONS WITH INVENTORY",TOTAL,NOT SPECIFIED,18
NEBRASKA,31,HOOKER,91,GOATS,GOATS - INVENTORY,TOTAL,NOT SPECIFIED, (D)
NEBRASKA,31,HOOKER,91,GOATS,GOATS - OPERATIONS WITH INVENTORY,TOTAL,NOT SPECIFIED,1
NEBRASKA,31,HOOKER,91,GOATS,"GOATS, MEAT & OTHER - INVENTORY",TOTAL,NOT SPECIFIED, (D)
NEBRASKA,31,HOOKER,91,GOATS,"GOATS, MEAT & OTHER - OPERATIONS WITH INVENTORY",TOTAL,NOT SPECIFIED,1
NEBRASKA,31,KEYA PAHA,103,GOATS,GOATS - INVENTORY,TOTAL,NOT SPECIFIED, (D)
NEBRASKA,31,KEYA PAHA,103,GOATS,GOATS - OPERATIONS WITH INVENTORY,TOTAL,NOT SPECIFIED,1
NEBRASKA,31,KEYA PAHA,103,GOATS,"GOATS, MEAT & OTHER - INVENTORY",TOTAL,NOT SPECIFIED, (D)
NEBRASKA,31,KEYA PAHA,103,GOATS,"GOATS, MEAT & OTHER - OPERATIONS WITH INVENTORY",TOTAL,NOT SPECIFIED,1
NEBRASKA,31,KEYA PAHA,103,GOATS,"GOATS, MILK - INVENTORY",TOTAL,NOT SPECIFIED, (D)
NEBRASKA,31,KEYA PAHA,103,GOATS,"GOATS, MILK - OPERATIONS WITH INVENTORY",TOTAL,NOT SPECIFIED,1
NEBRASKA,31,LOGAN,113,GOATS,GOATS - INVENTORY,TOTAL,NOT SPECIFIED,1423
NEBRASKA,31,LOGAN,113,GOATS,GOATS - OPERATIONS WITH INVENTORY,TOTAL,NOT SPECIFIED,6
NEBRASKA,31,LOGAN,113,GOATS,"GOATS, MEAT & OTHER - INVENTORY",TOTAL,NOT SPECIFIED,1423
NEBRASKA,31,LOGAN,113,GOATS,"GOATS, MEAT & OTHER - OPERATIONS WITH INVENTORY",TOTAL,NOT SPECIFIED,6
NEBRASKA,31,MCPHERSON,117,GOATS,GOATS - INVENTORY,TOTAL,NOT SPECIFIED, (D)
NEBRASKA,31,MCPHERSON,117,GOATS,GOATS - OPERATIONS WITH INVENTORY,TOTAL,NOT SPECIFIED,1
NEBRASKA,31,MCPHERSON,117,GOATS,"GOATS, MILK - INVENTORY",TOTAL,NOT SPECIFIED, (D)
NEBRASKA,31,MCPHERSON,117,GOATS,"GOATS, MILK - OPERATIONS WITH INVENTORY",TOTAL,NOT SPECIFIED,1
NEBRASKA,31,ROCK,149,GOATS,GOATS - INVENTORY,TOTAL,NOT SPECIFIED, (D)
NEBRASKA,31,ROCK,149,GOATS,GOATS - OPERATIONS WITH INVENTORY,TOTAL,NOT SPECIFIED,1
NEBRASKA,31,ROCK,149,GOATS,"GOATS, MEAT & OTHER - INVENTORY",TOTAL,NOT SPECIFIED, (D)
NEBRASKA,31,ROCK,149,GOATS,"GOATS, MEAT & OTHER - OPERATIONS WITH INVENTORY",TOTAL,NOT SPECIFIED,1
NEBRASKA,31,THOMAS,171,GOATS,GOATS - INVENTORY,TOTAL,NOT SPECIFIED, (D)
NEBRASKA,31,THOMAS,171,GOATS,GOATS - OPERATIONS WITH INVENTORY,TOTAL,NOT SPECIFIED,2
NEBRASKA,31,THOMAS,171,GOATS,"GOATS, MEAT & OTHER - INVENTORY",TOTAL,NOT SPECIFIED, (D)
NEBRASKA,31,THOMAS,171,GOATS,"GOATS, MEAT & OTHER - OPERATIONS WITH INVENTORY",TOTAL,NOT SPECIFIED,2
NEBRASKA,31,WHEELER,183,GOATS,GOATS - INVENTORY,TOTAL,NOT SPECIFIED,266
NEBRASKA,31,WHEELER,183,GOATS,GOATS - OPERATIONS WITH INVENTORY,TOTAL,NOT SPECIFIED,5
NEBRASKA,31,WHEELER,183,GOATS,"GOATS, MEAT & OTHER - INVENTORY",TOTAL,NOT SPECIFIED,213
NEBRASKA,31,WHEELER,183,GOATS,"GOATS, MEAT & OTHER - OPERATIONS WITH INVENTORY",TOTAL,NOT SPECIFIED,3
NEBRASKA,31,WHEELER,183,GOATS,"GOATS, MILK - INVENTORY",TOTAL,NOT SPECIFIED,53
NEBRASKA,31,WHEELER,183,GOATS,"GOATS, MILK - OPERATIONS WITH INVENTORY",TOTAL,NOT SPECIFIED,3
NEBRASKA,31,ANTELOPE,3,GOATS,GOATS - INVENTORY,TOTAL,NOT SPECIFIED,24
NEBRASKA,31,ANTELOPE,3,GOATS,GOATS - OPERATIONS WITH INVENTORY,TOTAL,NOT SPECIFIED,4
NEBRASKA,31,ANTELOPE,3,GOATS,"GOATS, MEAT & OTHER - INVENTORY",TOTAL,NOT SPECIFIED, (D)
NEBRASKA,31,ANTELOPE,3,GOATS,"GOATS, MEAT & OTHER - OPERATIONS WITH INVENTORY",TOTAL,NOT SPECIFIED,4
NEBRASKA,31,ANTELOPE,3,GOATS,"GOATS, MILK - INVENTORY",TOTAL,NOT SPECIFIED, (D)
NEBRASKA,31,ANTELOPE,3,GOATS,"GOATS, MILK - OPERATIONS WITH INVENTORY",TOTAL,NOT SPECIFIED,2
NEBRASKA,31,BOONE,11,GOATS,GOATS - INVENTORY,TOTAL,NOT SPECIFIED,163
NEBRASKA,31,BOONE,11,GOATS,GOATS - OPERATIONS WITH INVENTORY,TOTAL,NOT SPECIFIED,8
NEBRASKA,31,BOONE,11,GOATS,"GOATS, MEAT & OTHER - INVENTORY",TOTAL,NOT SPECIFIED, (D)
NEBRASKA,31,BOONE,11,GOATS,"GOATS, MEAT & OTHER - OPERATIONS WITH INVENTORY",TOTAL,NOT SPECIFIED,2
NEBRASKA,31,BOONE,11,GOATS,"GOATS, MILK - INVENTORY",TOTAL,NOT SPECIFIED, (D)
NEBRASKA,31,BOONE,11,GOATS,"GOATS, MILK - OPERATIONS WITH INVENTORY",TOTAL,NOT SPECIFIED,6
NEBRASKA,31,BURT,21,GOATS,GOATS - INVENTORY,TOTAL,NOT SPECIFIED,256
NEBRASKA,31,BURT,21,GOATS,GOATS - OPERATIONS WITH INVENTORY,TOTAL,NOT SPECIFIED,10
NEBRASKA,31,BURT,21,GOATS,"GOATS, MEAT & OTHER - INVENTORY",TOTAL,NOT SPECIFIED, (D)
NEBRASKA,31,BURT,21,GOATS,"GOATS, MEAT & OTHER - OPERATIONS WITH INVENTORY",TOTAL,NOT SPECIFIED,2
NEBRASKA,31,BURT,21,GOATS,"GOATS, MILK - INVENTORY",TOTAL,NOT SPECIFIED, (D)
NEBRASKA,31,BURT,21,GOATS,"GOATS, MILK - OPERATIONS WITH INVENTORY",TOTAL,NOT SPECIFIED,8
NEBRASKA,31,CEDAR,27,GOATS,GOATS - INVENTORY,TOTAL,NOT SPECIFIED,764
NEBRASKA,31,CEDAR,27,GOATS,GOATS - OPERATIONS WITH INVENTORY,TOTAL,NOT SPECIFIED,17
NEBRASKA,31,CEDAR,27,GOATS,"GOATS, MEAT & OTHER - INVENTORY",TOTAL,NOT SPECIFIED,602
NEBRASKA,31,CEDAR,27,GOATS,"GOATS, MEAT & OTHER - OPERATIONS WITH INVENTORY",TOTAL,NOT SPECIFIED,15
NEBRASKA,31,CEDAR,27,GOATS,"GOATS, MILK - INVENTORY",TOTAL,NOT SPECIFIED,162
NEBRASKA,31,CEDAR,27,GOATS,"GOATS, MILK - OPERATIONS WITH INVENTORY",TOTAL,NOT SPECIFIED,8
NEBRASKA,31,CUMING,39,GOATS,GOATS - INVENTORY,TOTAL,NOT SPECIFIED,718
NEBRASKA,31,CUMING,39,GOATS,GOATS - OPERATIONS WITH INVENTORY,TOTAL,NOT SPECIFIED,30
NEBRASKA,31,CUMING,39,GOATS,"GOATS, MEAT & OTHER - INVENTORY",TOTAL,NOT SPECIFIED,600
NEBRASKA,31,CUMING,39,GOATS,"GOATS, MEAT & OTHER - OPERATIONS WITH INVENTORY",TOTAL,NOT SPECIFIED,27
NEBRASKA,31,CUMING,39,GOATS,"GOATS, MILK - INVENTORY",TOTAL,NOT SPECIFIED,118
NEBRASKA,31,CUMING,39,GOATS,"GOATS, MILK - OPERATIONS WITH INVENTORY",TOTAL,NOT SPECIFIED,6
NEBRASKA,31,DAKOTA,43,GOATS,GOATS - INVENTORY,TOTAL,NOT SPECIFIED,36
NEBRASKA,31,DAKOTA,43,GOATS,GOATS - OPERATIONS WITH INVENTORY,TOTAL,NOT SPECIFIED,3
NEBRASKA,31,DAKOTA,43,GOATS,"GOATS, MEAT & OTHER - INVENTORY",TOTAL,NOT SPECIFIED,36
NEBRASKA,31,DAKOTA,43,GOATS,"GOATS, MEAT & OTHER - OPERATIONS WITH INVENTORY",TOTAL,NOT SPECIFIED,3
NEBRASKA,31,DIXON,51,GOATS,GOATS - INVENTORY,TOTAL,NOT SPECIFIED,20
NEBRASKA,31,DIXON,51,GOATS,GOATS - OPERATIONS WITH INVENTORY,TOTAL,NOT SPECIFIED,6
NEBRASKA,31,DIXON,51,GOATS,"GOATS, ANGORA - INVENTORY",TOTAL,NOT SPECIFIED,9
NEBRASKA,31,DIXON,51,GOATS,"GOATS, ANGORA - OPERATIONS WITH INVENTORY",TOTAL,NOT SPECIFIED,3
NEBRASKA,31,DIXON,51,GOATS,"GOATS, MILK - INVENTORY",TOTAL,NOT SPECIFIED,11
NEBRASKA,31,DIXON,51,GOATS,"GOATS, MILK - OPERATIONS WITH INVENTORY",TOTAL,NOT SPECIFIED,3
NEBRASKA,31,KNOX,107,GOATS,GOATS - INVENTORY,TOTAL,NOT SPECIFIED,1151
NEBRASKA,31,KNOX,107,GOATS,GOATS - OPERATIONS WITH INVENTORY,TOTAL,NOT SPECIFIED,40
NEBRASKA,31,KNOX,107,GOATS,"GOATS, ANGORA - INVENTORY",TOTAL,NOT SPECIFIED,40
NEBRASKA,31,KNOX,107,GOATS,"GOATS, ANGORA - OPERATIONS WITH INVENTORY",TOTAL,NOT SPECIFIED,4
NEBRASKA,31,KNOX,107,GOATS,"GOATS, MEAT & OTHER - INVENTORY",TOTAL,NOT SPECIFIED,1054
NEBRASKA,31,KNOX,107,GOATS,"GOATS, MEAT & OTHER - OPERATIONS WITH INVENTORY",TOTAL,NOT SPECIFIED,35
NEBRASKA,31,KNOX,107,GOATS,"GOATS, MILK - INVENTORY",TOTAL,NOT SPECIFIED,57
NEBRASKA,31,KNOX,107,GOATS,"GOATS, MILK - OPERATIONS WITH INVENTORY",TOTAL,NOT SPECIFIED,6
NEBRASKA,31,MADISON,119,GOATS,GOATS - INVENTORY,TOTAL,NOT SPECIFIED,1254
NEBRASKA,31,MADISON,119,GOATS,GOATS - OPERATIONS WITH INVENTORY,TOTAL,NOT SPECIFIED,24
NEBRASKA,31,MADISON,119,GOATS,"GOATS, ANGORA - INVENTORY",TOTAL,NOT SPECIFIED, (D)
NEBRASKA,31,MADISON,119,GOATS,"GOATS, ANGORA - OPERATIONS WITH INVENTORY",TOTAL,NOT SPECIFIED,2
NEBRASKA,31,MADISON,119,GOATS,"GOATS, MEAT & OTHER - INVENTORY",TOTAL,NOT SPECIFIED,1192
NEBRASKA,31,MADISON,119,GOATS,"GOATS, MEAT & OTHER - OPERATIONS WITH INVENTORY",TOTAL,NOT SPECIFIED,18
NEBRASKA,31,MADISON,119,GOATS,"GOATS, MILK - INVENTORY",TOTAL,NOT SPECIFIED, (D)
NEBRASKA,31,MADISON,119,GOATS,"GOATS, MILK - OPERATIONS WITH INVENTORY",TOTAL,NOT SPECIFIED,4
NEBRASKA,31,PIERCE,139,GOATS,GOATS - INVENTORY,TOTAL,NOT SPECIFIED,154
NEBRASKA,31,PIERCE,139,GOATS,GOATS - OPERATIONS WITH INVENTORY,TOTAL,NOT SPECIFIED,4
NEBRASKA,31,PIERCE,139,GOATS,"GOATS, MEAT & OTHER - INVENTORY",TOTAL,NOT SPECIFIED,75
NEBRASKA,31,PIERCE,139,GOATS,"GOATS, MEAT & OTHER - OPERATIONS WITH INVENTORY",TOTAL,NOT SPECIFIED,3
NEBRASKA,31,PIERCE,139,GOATS,"GOATS, MILK - INVENTORY",TOTAL,NOT SPECIFIED,79
NEBRASKA,31,PIERCE,139,GOATS,"GOATS, MILK - OPERATIONS WITH INVENTORY",TOTAL,NOT SPECIFIED,4
NEBRASKA,31,STANTON,167,GOATS,GOATS - INVENTORY,TOTAL,NOT SPECIFIED,110
NEBRASKA,31,STANTON,167,GOATS,GOATS - OPERATIONS WITH INVENTORY,TOTAL,NOT SPECIFIED,12
NEBRASKA,31,STANTON,167,GOATS,"GOATS, MEAT & OTHER - INVENTORY",TOTAL,NOT SPECIFIED,100
NEBRASKA,31,STANTON,167,GOATS,"GOATS, MEAT & OTHER - OPERATIONS WITH INVENTORY",TOTAL,NOT SPECIFIED,7
NEBRASKA,31,STANTON,167,GOATS,"GOATS, MILK - INVENTORY",TOTAL,NOT SPECIFIED,10
NEBRASKA,31,STANTON,167,GOATS,"GOATS, MILK - OPERATIONS WITH INVENTORY",TOTAL,NOT SPECIFIED,5
NEBRASKA,31,THURSTON,173,GOATS,GOATS - INVENTORY,TOTAL,NOT SPECIFIED,70
NEBRASKA,31,THURSTON,173,GOATS,GOATS - OPERATIONS WITH INVENTORY,TOTAL,NOT SPECIFIED,3
NEBRASKA,31,THURSTON,173,GOATS,"GOATS, MEAT & OTHER - INVENTORY",TOTAL,NOT SPECIFIED,70
NEBRASKA,31,THURSTON,173,GOATS,"GOATS, MEAT & OTHER - OPERATIONS WITH INVENTORY",TOTAL,NOT SPECIFIED,3
NEBRASKA,31,WAYNE,179,GOATS,GOATS - INVENTORY,TOTAL,NOT SPECIFIED,290
NEBRASKA,31,WAYNE,179,GOATS,GOATS - OPERATIONS WITH INVENTORY,TOTAL,NOT SPECIFIED,21
NEBRASKA,31,WAYNE,179,GOATS,"GOATS, MEAT & OTHER - INVENTORY",TOTAL,NOT SPECIFIED,146
NEBRASKA,31,WAYNE,179,GOATS,"GOATS, MEAT & OTHER - OPERATIONS WITH INVENTORY",TOTAL,NOT SPECIFIED,15
NEBRASKA,31,WAYNE,179,GOATS,"GOATS, MILK - INVENTORY",TOTAL,NOT SPECIFIED,144
NEBRASKA,31,WAYNE,179,GOATS,"GOATS, MILK - OPERATIONS WITH INVENTORY",TOTAL,NOT SPECIFIED,13
NEBRASKA,31,BANNER,7,GOATS,GOATS - INVENTORY,TOTAL,NOT SPECIFIED,119
NEBRASKA,31,BANNER,7,GOATS,GOATS - OPERATIONS WITH INVENTORY,TOTAL,NOT SPECIFIED,5
NEBRASKA,31,BANNER,7,GOATS,"GOATS, ANGORA - INVENTORY",TOTAL,NOT SPECIFIED, (D)
NEBRASKA,31,BANNER,7,GOATS,"GOATS, ANGORA - OPERATIONS WITH INVENTORY",TOTAL,NOT SPECIFIED,1
NEBRASKA,31,BANNER,7,GOATS,"GOATS, MEAT & OTHER - INVENTORY",TOTAL,NOT SPECIFIED, (D)
NEBRASKA,31,BANNER,7,GOATS,"GOATS, MEAT & OTHER - OPERATIONS WITH INVENTORY",TOTAL,NOT SPECIFIED,4
NEBRASKA,31,BOX BUTTE,13,GOATS,GOATS - INVENTORY,TOTAL,NOT SPECIFIED,119
NEBRASKA,31,BOX BUTTE,13,GOATS,GOATS - OPERATIONS WITH INVENTORY,TOTAL,NOT SPECIFIED,7
NEBRASKA,31,BOX BUTTE,13,GOATS,"GOATS, MEAT & OTHER - INVENTORY",TOTAL,NOT SPECIFIED,105
NEBRASKA,31,BOX BUTTE,13,GOATS,"GOATS, MEAT & OTHER - OPERATIONS WITH INVENTORY",TOTAL,NOT SPECIFIED,3
NEBRASKA,31,BOX BUTTE,13,GOATS,"GOATS, MILK - INVENTORY",TOTAL,NOT SPECIFIED,14
NEBRASKA,31,BOX BUTTE,13,GOATS,"GOATS, MILK - OPERATIONS WITH INVENTORY",TOTAL,NOT SPECIFIED,4
NEBRASKA,31,CHEYENNE,33,GOATS,GOATS - INVENTORY,TOTAL,NOT SPECIFIED,242
NEBRASKA,31,CHEYENNE,33,GOATS,GOATS - OPERATIONS WITH INVENTORY,TOTAL,NOT SPECIFIED,14
NEBRASKA,31,CHEYENNE,33,GOATS,"GOATS, ANGORA - INVENTORY",TOTAL,NOT SPECIFIED, (D)
NEBRASKA,31,CHEYENNE,33,GOATS,"GOATS, ANGORA - OPERATIONS WITH INVENTORY",TOTAL,NOT SPECIFIED,2
NEBRASKA,31,CHEYENNE,33,GOATS,"GOATS, MEAT & OTHER - INVENTORY",TOTAL,NOT SPECIFIED,122
NEBRASKA,31,CHEYENNE,33,GOATS,"GOATS, MEAT & OTHER - OPERATIONS WITH INVENTORY",TOTAL,NOT SPECIFIED,8
NEBRASKA,31,CHEYENNE,33,GOATS,"GOATS, MILK - INVENTORY",TOTAL,NOT SPECIFIED, (D)
NEBRASKA,31,CHEYENNE,33,GOATS,"GOATS, MILK - OPERATIONS WITH INVENTORY",TOTAL,NOT SPECIFIED,8
NEBRASKA,31,DAWES,45,GOATS,GOATS - INVENTORY,TOTAL,NOT SPECIFIED,597
NEBRASKA,31,DAWES,45,GOATS,GOATS - OPERATIONS WITH INVENTORY,TOTAL,NOT SPECIFIED,35
NEBRASKA,31,DAWES,45,GOATS,"GOATS, MEAT & OTHER - INVENTORY",TOTAL,NOT SPECIFIED,512
NEBRASKA,31,DAWES,45,GOATS,"GOATS, MEAT & OTHER - OPERATIONS WITH INVENTORY",TOTAL,NOT SPECIFIED,28
NEBRASKA,31,DAWES,45,GOATS,"GOATS, MILK - INVENTORY",TOTAL,NOT SPECIFIED,85
NEBRASKA,31,DAWES,45,GOATS,"GOATS, MILK - OPERATIONS WITH INVENTORY",TOTAL,NOT SPECIFIED,12
NEBRASKA,31,DEUEL,49,GOATS,GOATS - INVENTORY,TOTAL,NOT SPECIFIED,177
NEBRASKA,31,DEUEL,49,GOATS,GOATS - OPERATIONS WITH INVENTORY,TOTAL,NOT SPECIFIED,12
NEBRASKA,31,DEUEL,49,GOATS,"GOATS, MEAT & OTHER - INVENTORY",TOTAL,NOT SPECIFIED,159
NEBRASKA,31,DEUEL,49,GOATS,"GOATS, MEAT & OTHER - OPERATIONS WITH INVENTORY",TOTAL,NOT SPECIFIED,9
NEBRASKA,31,DEUEL,49,GOATS,"GOATS, MILK - INVENTORY",TOTAL,NOT SPECIFIED,18
NEBRASKA,31,DEUEL,49,GOATS,"GOATS, MILK - OPERATIONS WITH INVENTORY",TOTAL,NOT SPECIFIED,3
NEBRASKA,31,GARDEN,69,GOATS,GOATS - INVENTORY,TOTAL,NOT SPECIFIED,56
NEBRASKA,31,GARDEN,69,GOATS,GOATS - OPERATIONS WITH INVENTORY,TOTAL,NOT SPECIFIED,4
NEBRASKA,31,GARDEN,69,GOATS,"GOATS, MEAT & OTHER - INVENTORY",TOTAL,NOT SPECIFIED,56
NEBRASKA,31,GARDEN,69,GOATS,"GOATS, MEAT & OTHER - OPERATIONS WITH INVENTORY",TOTAL,NOT SPECIFIED,4
NEBRASKA,31,KIMBALL,105,GOATS,GOATS - INVENTORY,TOTAL,NOT SPECIFIED,97
NEBRASKA,31,KIMBALL,105,GOATS,GOATS - OPERATIONS WITH INVENTORY,TOTAL,NOT SPECIFIED,6
NEBRASKA,31,KIMBALL,105,GOATS,"GOATS, MEAT & OTHER - INVENTORY",TOTAL,NOT SPECIFIED, (D)
NEBRASKA,31,KIMBALL,105,GOATS,"GOATS, MEAT & OTHER - OPERATIONS WITH INVENTORY",TOTAL,NOT SPECIFIED,5
NEBRASKA,31,KIMBALL,105,GOATS,"GOATS, MILK - INVENTORY",TOTAL,NOT SPECIFIED, (D)
NEBRASKA,31,KIMBALL,105,GOATS,"GOATS, MILK - OPERATIONS WITH INVENTORY",TOTAL,NOT SPECIFIED,1
NEBRASKA,31,MORRILL,123,GOATS,GOATS - INVENTORY,TOTAL,NOT SPECIFIED,236
NEBRASKA,31,MORRILL,123,GOATS,GOATS - OPERATIONS WITH INVENTORY,TOTAL,NOT SPECIFIED,14
NEBRASKA,31,MORRILL,123,GOATS,"GOATS, MEAT & OTHER - INVENTORY",TOTAL,NOT SPECIFIED,39
NEBRASKA,31,MORRILL,123,GOATS,"GOATS, MEAT & OTHER - OPERATIONS WITH INVENTORY",TOTAL,NOT SPECIFIED,7
NEBRASKA,31,MORRILL,123,GOATS,"GOATS, MILK - INVENTORY",TOTAL,NOT SPECIFIED,197
NEBRASKA,31,MORRILL,123,GOATS,"GOATS, MILK - OPERATIONS WITH INVENTORY",TOTAL,NOT SPECIFIED,7
NEBRASKA,31,SCOTTS BLUFF,157,GOATS,GOATS - INVENTORY,TOTAL,NOT SPECIFIED,1152
NEBRASKA,31,SCOTTS BLUFF,157,GOATS,GOATS - OPERATIONS WITH INVENTORY,TOTAL,NOT SPECIFIED,47
NEBRASKA,31,SCOTTS BLUFF,157,GOATS,"GOATS, MEAT & OTHER - INVENTORY",TOTAL,NOT SPECIFIED,840
NEBRASKA,31,SCOTTS BLUFF,157,GOATS,"GOATS, MEAT & OTHER - OPERATIONS WITH INVENTORY",TOTAL,NOT SPECIFIED,35
NEBRASKA,31,SCOTTS BLUFF,157,GOATS,"GOATS, MILK - INVENTORY",TOTAL,NOT SPECIFIED,312
NEBRASKA,31,SCOTTS BLUFF,157,GOATS,"GOATS, MILK - OPERATIONS WITH INVENTORY",TOTAL,NOT SPECIFIED,18
NEBRASKA,31,SHERIDAN,161,GOATS,GOATS - INVENTORY,TOTAL,NOT SPECIFIED,216
NEBRASKA,31,SHERIDAN,161,GOATS,GOATS - OPERATIONS WITH INVENTORY,TOTAL,NOT SPECIFIED,7
NEBRASKA,31,SHERIDAN,161,GOATS,"GOATS, MEAT & OTHER - INVENTORY",TOTAL,NOT SPECIFIED,216
NEBRASKA,31,SHERIDAN,161,GOATS,"GOATS, MEAT & OTHER - OPERATIONS WITH INVENTORY",TOTAL,NOT SPECIFIED,7
NEBRASKA,31,SIOUX,165,GOATS,GOATS - INVENTORY,TOTAL,NOT SPECIFIED,38
NEBRASKA,31,SIOUX,165,GOATS,GOATS - OPERATIONS WITH INVENTORY,TOTAL,NOT SPECIFIED,5
NEBRASKA,31,SIOUX,165,GOATS,"GOATS, MEAT & OTHER - INVENTORY",TOTAL,NOT SPECIFIED, (D)
NEBRASKA,31,SIOUX,165,GOATS,"GOATS, MEAT & OTHER - OPERATIONS WITH INVENTORY",TOTAL,NOT SPECIFIED,3
NEBRASKA,31,SIOUX,165,GOATS,"GOATS, MILK - INVENTORY",TOTAL,NOT SPECIFIED, (D)
NEBRASKA,31,SIOUX,165,GOATS,"GOATS, MILK - OPERATIONS WITH INVENTORY",TOTAL,NOT SPECIFIED,2
NEBRASKA,31,ADAMS,1,GOATS,GOATS - INVENTORY,TOTAL,NOT SPECIFIED,178
NEBRASKA,31,ADAMS,1,GOATS,GOATS - OPERATIONS WITH INVENTORY,TOTAL,NOT SPECIFIED,11
NEBRASKA,31,ADAMS,1,GOATS,"GOATS, MEAT & OTHER - INVENTORY",TOTAL,NOT SPECIFIED,178
NEBRASKA,31,ADAMS,1,GOATS,"GOATS, MEAT & OTHER - OPERATIONS WITH INVENTORY",TOTAL,NOT SPECIFIED,11
NEBRASKA,31,FURNAS,65,GOATS,GOATS - INVENTORY,TOTAL,NOT SPECIFIED,480
NEBRASKA,31,FURNAS,65,GOATS,GOATS - OPERATIONS WITH INVENTORY,TOTAL,NOT SPECIFIED,11
NEBRASKA,31,FURNAS,65,GOATS,"GOATS, MEAT & OTHER - INVENTORY",TOTAL,NOT SPECIFIED,334
NEBRASKA,31,FURNAS,65,GOATS,"GOATS, MEAT & OTHER - OPERATIONS WITH INVENTORY",TOTAL,NOT SPECIFIED,7
NEBRASKA,31,FURNAS,65,GOATS,"GOATS, MILK - INVENTORY",TOTAL,NOT SPECIFIED,146
NEBRASKA,31,FURNAS,65,GOATS,"GOATS, MILK - OPERATIONS WITH INVENTORY",TOTAL,NOT SPECIFIED,4
NEBRASKA,31,GOSPER,73,GOATS,GOATS - INVENTORY,TOTAL,NOT SPECIFIED,162
NEBRASKA,31,GOSPER,73,GOATS,GOATS - OPERATIONS WITH INVENTORY,TOTAL,NOT SPECIFIED,5
NEBRASKA,31,GOSPER,73,GOATS,"GOATS, MEAT & OTHER - INVENTORY",TOTAL,NOT SPECIFIED,162
NEBRASKA,31,GOSPER,73,GOATS,"GOATS, MEAT & OTHER - OPERATIONS WITH INVENTORY",TOTAL,NOT SPECIFIED,5
NEBRASKA,31,HARLAN,83,GOATS,GOATS - INVENTORY,TOTAL,NOT SPECIFIED, (D)
NEBRASKA,31,HARLAN,83,GOATS,GOATS - OPERATIONS WITH INVENTORY,TOTAL,NOT SPECIFIED,3
NEBRASKA,31,HARLAN,83,GOATS,"GOATS, MEAT & OTHER - INVENTORY",TOTAL,NOT SPECIFIED, (D)
NEBRASKA,31,HARLAN,83,GOATS,"GOATS, MEAT & OTHER - OPERATIONS WITH INVENTORY",TOTAL,NOT SPECIFIED,1
NEBRASKA,31,HARLAN,83,GOATS,"GOATS, MILK - INVENTORY",TOTAL,NOT SPECIFIED, (D)
NEBRASKA,31,HARLAN,83,GOATS,"GOATS, MILK - OPERATIONS WITH INVENTORY",TOTAL,NOT SPECIFIED,2
NEBRASKA,31,KEARNEY,99,GOATS,GOATS - INVENTORY,TOTAL,NOT SPECIFIED, (D)
NEBRASKA,31,KEARNEY,99,GOATS,GOATS - OPERATIONS WITH INVENTORY,TOTAL,NOT SPECIFIED,9
NEBRASKA,31,KEARNEY,99,GOATS,"GOATS, MEAT & OTHER - INVENTORY",TOTAL,NOT SPECIFIED, (D)
NEBRASKA,31,KEARNEY,99,GOATS,"GOATS, MEAT & OTHER - OPERATIONS WITH INVENTORY",TOTAL,NOT SPECIFIED,7
NEBRASKA,31,KEARNEY,99,GOATS,"GOATS, MILK - INVENTORY",TOTAL,NOT SPECIFIED, (D)
NEBRASKA,31,KEARNEY,99,GOATS,"GOATS, MILK - OPERATIONS WITH INVENTORY",TOTAL,NOT SPECIFIED,2
NEBRASKA,31,PHELPS,137,GOATS,GOATS - INVENTORY,TOTAL,NOT SPECIFIED,18
NEBRASKA,31,PHELPS,137,GOATS,GOATS - OPERATIONS WITH INVENTORY,TOTAL,NOT SPECIFIED,8
NEBRASKA,31,PHELPS,137,GOATS,"GOATS, ANGORA - INVENTORY",TOTAL,NOT SPECIFIED, (D)
NEBRASKA,31,PHELPS,137,GOATS,"GOATS, ANGORA - OPERATIONS WITH INVENTORY",TOTAL,NOT SPECIFIED,6
NEBRASKA,31,PHELPS,137,GOATS,"GOATS, MEAT & OTHER - INVENTORY",TOTAL,NOT SPECIFIED, (D)
NEBRASKA,31,PHELPS,137,GOATS,"GOATS, MEAT & OTHER - OPERATIONS WITH INVENTORY",TOTAL,NOT SPECIFIED,2
NEBRASKA,31,WEBSTER,181,GOATS,GOATS - INVENTORY,TOTAL,NOT SPECIFIED,140
NEBRASKA,31,WEBSTER,181,GOATS,GOATS - OPERATIONS WITH INVENTORY,TOTAL,NOT SPECIFIED,13
NEBRASKA,31,WEBSTER,181,GOATS,"GOATS, MEAT & OTHER - INVENTORY",TOTAL,NOT SPECIFIED, (D)
NEBRASKA,31,WEBSTER,181,GOATS,"GOATS, MEAT & OTHER - OPERATIONS WITH INVENTORY",TOTAL,NOT SPECIFIED,11
NEBRASKA,31,WEBSTER,181,GOATS,"GOATS, MILK - INVENTORY",TOTAL,NOT SPECIFIED, (D)
NEBRASKA,31,WEBSTER,181,GOATS,"GOATS, MILK - OPERATIONS WITH INVENTORY",TOTAL,NOT SPECIFIED,2
NEBRASKA,31,CLAY,35,GOATS,GOATS - INVENTORY,TOTAL,NOT SPECIFIED,185
NEBRASKA,31,CLAY,35,GOATS,GOATS - OPERATIONS WITH INVENTORY,TOTAL,NOT SPECIFIED,15
NEBRASKA,31,CLAY,35,GOATS,"GOATS, MEAT & OTHER - INVENTORY",TOTAL,NOT SPECIFIED,174
NEBRASKA,31,CLAY,35,GOATS,"GOATS, MEAT & OTHER - OPERATIONS WITH INVENTORY",TOTAL,NOT SPECIFIED,8
NEBRASKA,31,CLAY,35,GOATS,"GOATS, MILK - INVENTORY",TOTAL,NOT SPECIFIED,11
NEBRASKA,31,CLAY,35,GOATS,"GOATS, MILK - OPERATIONS WITH INVENTORY",TOTAL,NOT SPECIFIED,7
NEBRASKA,31,FILLMORE,59,GOATS,GOATS - INVENTORY,TOTAL,NOT SPECIFIED,142
NEBRASKA,31,FILLMORE,59,GOATS,GOATS - OPERATIONS WITH INVENTORY,TOTAL,NOT SPECIFIED,6
NEBRASKA,31,FILLMORE,59,GOATS,"GOATS, MEAT & OTHER - INVENTORY",TOTAL,NOT SPECIFIED, (D)
NEBRASKA,31,FILLMORE,59,GOATS,"GOATS, MEAT & OTHER - OPERATIONS WITH INVENTORY",TOTAL,NOT SPECIFIED,2
NEBRASKA,31,FILLMORE,59,GOATS,"GOATS, MILK - INVENTORY",TOTAL,NOT SPECIFIED, (D)
NEBRASKA,31,FILLMORE,59,GOATS,"GOATS, MILK - OPERATIONS WITH INVENTORY",TOTAL,NOT SPECIFIED,4
NEBRASKA,31,GAGE,67,GOATS,GOATS - INVENTORY,TOTAL,NOT SPECIFIED,353
NEBRASKA,31,GAGE,67,GOATS,GOATS - OPERATIONS WITH INVENTORY,TOTAL,NOT SPECIFIED,15
NEBRASKA,31,GAGE,67,GOATS,"GOATS, MEAT & OTHER - INVENTORY",TOTAL,NOT SPECIFIED,326
NEBRASKA,31,GAGE,67,GOATS,"GOATS, MEAT & OTHER - OPERATIONS WITH INVENTORY",TOTAL,NOT SPECIFIED,14
NEBRASKA,31,GAGE,67,GOATS,"GOATS, MILK - INVENTORY",TOTAL,NOT SPECIFIED,27
NEBRASKA,31,GAGE,67,GOATS,"GOATS, MILK - OPERATIONS WITH INVENTORY",TOTAL,NOT SPECIFIED,4
NEBRASKA,31,JEFFERSON,95,GOATS,GOATS - INVENTORY,TOTAL,NOT SPECIFIED,495
NEBRASKA,31,JEFFERSON,95,GOATS,GOATS - OPERATIONS WITH INVENTORY,TOTAL,NOT SPECIFIED,31
NEBRASKA,31,JEFFERSON,95,GOATS,"GOATS, ANGORA - INVENTORY",TOTAL,NOT SPECIFIED,34
NEBRASKA,31,JEFFERSON,95,GOATS,"GOATS, ANGORA - OPERATIONS WITH INVENTORY",TOTAL,NOT SPECIFIED,8
NEBRASKA,31,JEFFERSON,95,GOATS,"GOATS, MEAT & OTHER - INVENTORY",TOTAL,NOT SPECIFIED,296
NEBRASKA,31,JEFFERSON,95,GOATS,"GOATS, MEAT & OTHER - OPERATIONS WITH INVENTORY",TOTAL,NOT SPECIFIED,23
NEBRASKA,31,JEFFERSON,95,GOATS,"GOATS, MILK - INVENTORY",TOTAL,NOT SPECIFIED,165
NEBRASKA,31,JEFFERSON,95,GOATS,"GOATS, MILK - OPERATIONS WITH INVENTORY",TOTAL,NOT SPECIFIED,11
NEBRASKA,31,JOHNSON,97,GOATS,GOATS - INVENTORY,TOTAL,NOT SPECIFIED,203
NEBRASKA,31,JOHNSON,97,GOATS,GOATS - OPERATIONS WITH INVENTORY,TOTAL,NOT SPECIFIED,12
NEBRASKA,31,JOHNSON,97,GOATS,"GOATS, ANGORA - INVENTORY",TOTAL,NOT SPECIFIED,15
NEBRASKA,31,JOHNSON,97,GOATS,"GOATS, ANGORA - OPERATIONS WITH INVENTORY",TOTAL,NOT SPECIFIED,3
NEBRASKA,31,JOHNSON,97,GOATS,"GOATS, MEAT & OTHER - INVENTORY",TOTAL,NOT SPECIFIED,188
NEBRASKA,31,JOHNSON,97,GOATS,"GOATS, MEAT & OTHER - OPERATIONS WITH INVENTORY",TOTAL,NOT SPECIFIED,12
NEBRASKA,31,NEMAHA,127,GOATS,GOATS - INVENTORY,TOTAL,NOT SPECIFIED,6
NEBRASKA,31,NEMAHA,127,GOATS,GOATS - OPERATIONS WITH INVENTORY,TOTAL,NOT SPECIFIED,3
NEBRASKA,31,NEMAHA,127,GOATS,"GOATS, MEAT & OTHER - INVENTORY",TOTAL,NOT SPECIFIED,6
NEBRASKA,31,NEMAHA,127,GOATS,"GOATS, MEAT & OTHER - OPERATIONS WITH INVENTORY",TOTAL,NOT SPECIFIED,3
NEBRASKA,31,NUCKOLLS,129,GOATS,GOATS - INVENTORY,TOTAL,NOT SPECIFIED,598
NEBRASKA,31,NUCKOLLS,129,GOATS,GOATS - OPERATIONS WITH INVENTORY,TOTAL,NOT SPECIFIED,17
NEBRASKA,31,NUCKOLLS,129,GOATS,"GOATS, MEAT & OTHER - INVENTORY",TOTAL,NOT SPECIFIED,598
NEBRASKA,31,NUCKOLLS,129,GOATS,"GOATS, MEAT & OTHER - OPERATIONS WITH INVENTORY",TOTAL,NOT SPECIFIED,17
NEBRASKA,31,OTOE,131,GOATS,GOATS - INVENTORY,TOTAL,NOT SPECIFIED,289
NEBRASKA,31,OTOE,131,GOATS,GOATS - OPERATIONS WITH INVENTORY,TOTAL,NOT SPECIFIED,31
NEBRASKA,31,OTOE,131,GOATS,"GOATS, MEAT & OTHER - INVENTORY",TOTAL,NOT SPECIFIED,223
NEBRASKA,31,OTOE,131,GOATS,"GOATS, MEAT & OTHER - OPERATIONS WITH INVENTORY",TOTAL,NOT SPECIFIED,26
NEBRASKA,31,OTOE,131,GOATS,"GOATS, MILK - INVENTORY",TOTAL,NOT SPECIFIED,66
NEBRASKA,31,OTOE,131,GOATS,"GOATS, MILK - OPERATIONS WITH INVENTORY",TOTAL,NOT SPECIFIED,5
NEBRASKA,31,PAWNEE,133,GOATS,GOATS - INVENTORY,TOTAL,NOT SPECIFIED,410
NEBRASKA,31,PAWNEE,133,GOATS,GOATS - OPERATIONS WITH INVENTORY,TOTAL,NOT SPECIFIED,6
NEBRASKA,31,PAWNEE,133,GOATS,"GOATS, MEAT & OTHER - INVENTORY",TOTAL,NOT SPECIFIED,410
NEBRASKA,31,PAWNEE,133,GOATS,"GOATS, MEAT & OTHER - OPERATIONS WITH INVENTORY",TOTAL,NOT SPECIFIED,6
NEBRASKA,31,RICHARDSON,147,GOATS,GOATS - INVENTORY,TOTAL,NOT SPECIFIED,452
NEBRASKA,31,RICHARDSON,147,GOATS,GOATS - OPERATIONS WITH INVENTORY,TOTAL,NOT SPECIFIED,16
NEBRASKA,31,RICHARDSON,147,GOATS,"GOATS, MEAT & OTHER - INVENTORY",TOTAL,NOT SPECIFIED, (D)
NEBRASKA,31,RICHARDSON,147,GOATS,"GOATS, MEAT & OTHER - OPERATIONS WITH INVENTORY",TOTAL,NOT SPECIFIED,15
NEBRASKA,31,RICHARDSON,147,GOATS,"GOATS, MILK - INVENTORY",TOTAL,NOT SPECIFIED, (D)
NEBRASKA,31,RICHARDSON,147,GOATS,"GOATS, MILK - OPERATIONS WITH INVENTORY",TOTAL,NOT SPECIFIED,2
NEBRASKA,31,SALINE,151,GOATS,GOATS - INVENTORY,TOTAL,NOT SPECIFIED,282
NEBRASKA,31,SALINE,151,GOATS,GOATS - OPERATIONS WITH INVENTORY,TOTAL,NOT SPECIFIED,23
NEBRASKA,31,SALINE,151,GOATS,"GOATS, MEAT & OTHER - INVENTORY",TOTAL,NOT SPECIFIED,260
NEBRASKA,31,SALINE,151,GOATS,"GOATS, MEAT & OTHER - OPERATIONS WITH INVENTORY",TOTAL,NOT SPECIFIED,20
NEBRASKA,31,SALINE,151,GOATS,"GOATS, MILK - INVENTORY",TOTAL,NOT SPECIFIED,22
NEBRASKA,31,SALINE,151,GOATS,"GOATS, MILK - OPERATIONS WITH INVENTORY",TOTAL,NOT SPECIFIED,5
NEBRASKA,31,THAYER,169,GOATS,GOATS - INVENTORY,TOTAL,NOT SPECIFIED,127
NEBRASKA,31,THAYER,169,GOATS,GOATS - OPERATIONS WITH INVENTORY,TOTAL,NOT SPECIFIED,10
NEBRASKA,31,THAYER,169,GOATS,"GOATS, MEAT & OTHER - INVENTORY",TOTAL,NOT SPECIFIED,106
NEBRASKA,31,THAYER,169,GOATS,"GOATS, MEAT & OTHER - OPERATIONS WITH INVENTORY",TOTAL,NOT SPECIFIED,10
NEBRASKA,31,THAYER,169,GOATS,"GOATS, MILK - INVENTORY",TOTAL,NOT SPECIFIED,21
NEBRASKA,31,THAYER,169,GOATS,"GOATS, MILK - OPERATIONS WITH INVENTORY",TOTAL,NOT SPECIFIED,3
NEBRASKA,31,CHASE,29,GOATS,GOATS - INVENTORY,TOTAL,NOT SPECIFIED,1178
NEBRASKA,31,CHASE,29,GOATS,GOATS - OPERATIONS WITH INVENTORY,TOTAL,NOT SPECIFIED,8
NEBRASKA,31,CHASE,29,GOATS,"GOATS, MEAT & OTHER - INVENTORY",TOTAL,NOT SPECIFIED,1178
NEBRASKA,31,CHASE,29,GOATS,"GOATS, MEAT & OTHER - OPERATIONS WITH INVENTORY",TOTAL,NOT SPECIFIED,8
NEBRASKA,31,DUNDY,57,GOATS,GOATS - INVENTORY,TOTAL,NOT SPECIFIED, (D)
NEBRASKA,31,DUNDY,57,GOATS,GOATS - OPERATIONS WITH INVENTORY,TOTAL,NOT SPECIFIED,1
NEBRASKA,31,DUNDY,57,GOATS,"GOATS, MEAT & OTHER - INVENTORY",TOTAL,NOT SPECIFIED, (D)
NEBRASKA,31,DUNDY,57,GOATS,"GOATS, MEAT & OTHER - OPERATIONS WITH INVENTORY",TOTAL,NOT SPECIFIED,1
NEBRASKA,31,HAYES,85,GOATS,GOATS - INVENTORY,TOTAL,NOT SPECIFIED, (D)
NEBRASKA,31,HAYES,85,GOATS,GOATS - OPERATIONS WITH INVENTORY,TOTAL,NOT SPECIFIED,1
NEBRASKA,31,HAYES,85,GOATS,"GOATS, MEAT & OTHER - INVENTORY",TOTAL,NOT SPECIFIED, (D)
NEBRASKA,31,HAYES,85,GOATS,"GOATS, MEAT & OTHER - OPERATIONS WITH INVENTORY",TOTAL,NOT SPECIFIED,1
NEBRASKA,31,HITCHCOCK,87,GOATS,GOATS - INVENTORY,TOTAL,NOT SPECIFIED,194
NEBRASKA,31,HITCHCOCK,87,GOATS,GOATS - OPERATIONS WITH INVENTORY,TOTAL,NOT SPECIFIED,17
NEBRASKA,31,HITCHCOCK,87,GOATS,"GOATS, ANGORA - INVENTORY",TOTAL,NOT SPECIFIED,12
NEBRASKA,31,HITCHCOCK,87,GOATS,"GOATS, ANGORA - OPERATIONS WITH INVENTORY",TOTAL,NOT SPECIFIED,3
NEBRASKA,31,HITCHCOCK,87,GOATS,"GOATS, MEAT & OTHER - INVENTORY",TOTAL,NOT SPECIFIED,122
NEBRASKA,31,HITCHCOCK,87,GOATS,"GOATS, MEAT & OTHER - OPERATIONS WITH INVENTORY",TOTAL,NOT SPECIFIED,8
NEBRASKA,31,HITCHCOCK,87,GOATS,"GOATS, MILK - INVENTORY",TOTAL,NOT SPECIFIED,60
NEBRASKA,31,HITCHCOCK,87,GOATS,"GOATS, MILK - OPERATIONS WITH INVENTORY",TOTAL,NOT SPECIFIED,6
NEBRASKA,31,KEITH,101,GOATS,GOATS - INVENTORY,TOTAL,NOT SPECIFIED,239
NEBRASKA,31,KEITH,101,GOATS,GOATS - OPERATIONS WITH INVENTORY,TOTAL,NOT SPECIFIED,14
NEBRASKA,31,KEITH,101,GOATS,"GOATS, MEAT & OTHER - INVENTORY",TOTAL,NOT SPECIFIED, (D)
NEBRASKA,31,KEITH,101,GOATS,"GOATS, MEAT & OTHER - OPERATIONS WITH INVENTORY",TOTAL,NOT SPECIFIED,14
NEBRASKA,31,KEITH,101,GOATS,"GOATS, MILK - INVENTORY",TOTAL,NOT SPECIFIED, (D)
NEBRASKA,31,KEITH,101,GOATS,"GOATS, MILK - OPERATIONS WITH INVENTORY",TOTAL,NOT SPECIFIED,2
NEBRASKA,31,LINCOLN,111,GOATS,GOATS - INVENTORY,TOTAL,NOT SPECIFIED,1164
NEBRASKA,31,LINCOLN,111,GOATS,GOATS - OPERATIONS WITH INVENTORY,TOTAL,NOT SPECIFIED,32
NEBRASKA,31,LINCOLN,111,GOATS,"GOATS, MEAT & OTHER - INVENTORY",TOTAL,NOT SPECIFIED,1100
NEBRASKA,31,LINCOLN,111,GOATS,"GOATS, MEAT & OTHER - OPERATIONS WITH INVENTORY",TOTAL,NOT SPECIFIED,28
NEBRASKA,31,LINCOLN,111,GOATS,"GOATS, MILK - INVENTORY",TOTAL,NOT SPECIFIED,64
NEBRASKA,31,LINCOLN,111,GOATS,"GOATS, MILK - OPERATIONS WITH INVENTORY",TOTAL,NOT SPECIFIED,6
NEBRASKA,31,PERKINS,135,GOATS,GOATS - INVENTORY,TOTAL,NOT SPECIFIED, (D)
NEBRASKA,31,PERKINS,135,GOATS,GOATS - OPERATIONS WITH INVENTORY,TOTAL,NOT SPECIFIED,1
NEBRASKA,31,PERKINS,135,GOATS,"GOATS, MEAT & OTHER - INVENTORY",TOTAL,NOT SPECIFIED, (D)
NEBRASKA,31,PERKINS,135,GOATS,"GOATS, MEAT & OTHER - OPERATIONS WITH INVENTORY",TOTAL,NOT SPECIFIED,1
NEBRASKA,31,RED WILLOW,145,GOATS,GOATS - INVENTORY,TOTAL,NOT SPECIFIED,309
NEBRASKA,31,RED WILLOW,145,GOATS,GOATS - OPERATIONS WITH INVENTORY,TOTAL,NOT SPECIFIED,9
NEBRASKA,31,RED WILLOW,145,GOATS,"GOATS, MEAT & OTHER - INVENTORY",TOTAL,NOT SPECIFIED,254
NEBRASKA,31,RED WILLOW,145,GOATS,"GOATS, MEAT & OTHER - OPERATIONS WITH INVENTORY",TOTAL,NOT SPECIFIED,6
NEBRASKA,31,RED WILLOW,145,GOATS,"GOATS, MILK - INVENTORY",TOTAL,NOT SPECIFIED,55
NEBRASKA,31,RED WILLOW,145,GOATS,"GOATS, MILK - OPERATIONS WITH INVENTORY",TOTAL,NOT SPECIFIED,4
