SOCP,OccCategory,n,n_se,MOE,r_MOE,CV
11,Management Occupations,23143.175,1119.5669757209707,2194.3512724131024,9.481634531187282,4.837568638360859
13,Business and Financial Operations Occupations,7218.3,533.4477230127615,1045.5575371050124,14.48481688354616,7.390212695686817
15,Computer and Mathematical Occupations,4645.1,496.8144143251582,973.7562520773101,20.96308480069988,10.695451428928509
17,Architecture and Engineering Occupations,2469.425,350.8084282678368,687.5845194049601,27.843911817729232,14.206077458025119
19,"Life, Physical, and Social Science Occupations",1222.275,200.54987775800313,393.07776040568615,32.15951896305546,16.4079178382936
21,Community and Social Service Occupations,2858.9,337.23202986779,660.9747785408684,23.11989851134592,11.795866587421386
23,Legal Occupations,1504.3,247.513362454939,485.12619041168045,32.249298039731464,16.453723489658913
25,Educational Instruction and Library Occupations,11807.925,602.5641186317853,1181.0256725182992,10.001974712053975,5.103048322476518
27,"Arts, Design, Entertainment, Sports, and Media Occupations",2167.75,249.43829748055936,488.89906306189636,22.553295493571508,11.506783415087503
29,Healthcare Practitioners and Technical Occupations,9891.925,623.6023790745993,1222.2606629862146,12.356145674236457,6.304155956243091
31,Healthcare Support Occupations,4568.125,372.62466093577336,730.3443354341158,15.987836047264814,8.15705920778817
33,Protective Service Occupations,3059.6,398.6961458538946,781.4444458736334,25.54073885062209,13.030989209501067
35,Food Preparation and Serving Related Occupations,8717.5,700.9842557522246,1373.9291412743603,15.760586650695272,8.041115638109831
37,Building and Grounds Cleaning and Maintenance Occupations,5009.225,427.70932897675976,838.3102847944491,16.73532901385841,8.538433170335926
39, Personal Care and Service Occupations,5632.1,455.77009781522537,893.3093917178417,15.861035701032325,8.092365153587922
41,Sales and Related Occupations,18569.55,897.4142007387109,1758.9318334478733,9.472129553208738,4.832719159800377
43,Office and Administrative Support Occupations,25459.625,1049.3863735238322,2056.797292106711,8.07866295008945,4.121766811270127
45,"Farming, Fishing, and Forestry Occupations",3087.45,382.4041611142587,749.512155783947,24.276090488394857,12.385760453262684
47,Construction and Extraction Occupations,10420.125,710.2537558638813,1392.0973614932075,13.359699250183732,6.816173086828433
49," Installation, Maintenance, and Repair Occupations",9350.95,552.865431439921,1083.6162456222453,11.588301141833131,5.912398541751598
51,Production Occupations,14346.675,728.0021196526488,1426.8841545191917,9.945748088105374,5.074361269441518
53,Transportation and Material Moving Occupations,13969.4,779.2170897766551,1527.2654959622441,10.932935530246425,5.57802833175838
