NAICSP_3,estimate,estimate_se,MOE,r_MOE,CV
111,22777,912.1250188433601,1787.7650369329856,7.848992566769046,4.004588044269922
112,17857,694.9833810962676,1362.1674269486846,7.628198616501565,3.891938069643656
113,196,54.27752757817917,106.38395405323116,54.27752757817916,27.692616111315903
114,27,23.751842033829714,46.55361038630624,172.42077920854163,87.96978531048042
115,2080,225.37502079866792,441.7350407653891,21.23726157525909,10.835337538397496
211,44,33.793490497431605,66.23524137496595,150.53463948855898,76.80338749416275
212,925,137.5439929622519,269.58622620601375,29.14445688713662,14.86962086078399
213,510,105.64066451892472,207.05570245709245,40.59915734452793,20.713855788024453
221,9983,562.6767722236275,1102.84647355831,11.047245052171792,5.636349516414179
311,35445,1420.530957072038,2784.2406758611946,7.8551013566404135,4.00770477379613
312,907,179.66524427389956,352.1438787768431,38.825124451691636,19.808736965148793
313,76,36.199447509596055,70.95091711880826,93.35646989316876,47.6308519863106
314,462,151.96693719358828,297.855196899433,64.4708218397041,32.89327644882864
315,332,92.51729568032131,181.33389953342976,54.61864443778005,27.86665532539799
316,119,58.39991438349889,114.46383219165781,96.18809427870406,49.07555830546125
321,1928,365.1148449460799,715.6250960943166,37.11748423725709,18.93749195778423
322,1296,216.33134308278125,424.00943244225124,32.71677719461815,16.692233262560283
323,2909,407.15046358809417,798.0149086326645,27.432619753615146,13.996234568170992
324,597,189.12456212771517,370.68414177032173,62.09114602517952,31.67915613529567
325,8181,534.9329397223544,1048.4685618558146,12.815897345750088,6.538723135586778
326,3047,349.25227271987796,684.5344545309608,22.46585016511194,11.462168451587724
327,1939,289.1748605947619,566.7827267657334,29.230671829073408,14.91360807605786
331,2493,307.1358819805983,601.9863286819726,24.14706492908033,12.319931086265475
332,9632,646.5894756334966,1267.3153722416532,13.157343980914174,6.712930602507232
333,10213,626.0726794869746,1227.1024517944702,12.015102827714387,6.130154503935911
334,3930,358.7798071240911,703.2084219632186,17.893344070310906,9.129257178730054
335,1507,267.96576273845136,525.2128949673646,34.85155241986494,17.78140429584946
336,8430,567.0937312296795,1111.5037132101718,13.185097428353165,6.727090524669982
337,1882,247.11515534260542,484.3457044715066,25.73569099210981,13.130454587811128
339,7246,572.9740831835242,1123.0292030397072,15.4986089296123,7.90745353551648
423,12178,657.9382949790961,1289.5590581590284,10.58925158613096,5.402679380679062
424,12603,573.1221074081858,1123.319330520044,8.913110612711609,4.54750541464878
425,417,100.90341916902518,197.77070157128935,47.42702675570488,24.197462630461676
441,13135,810.8590506370389,1589.2837392485962,12.099609739235602,6.173270275120204
442,3825,395.3727987608657,774.9306855712967,20.25962576656985,10.336543758454004
443,2983,387.62765639205884,759.7502065284353,25.469333105210705,12.994557706740157
444,13013,580.3507129314136,1137.4873973455706,8.74116189460978,4.459776476841724
445,21513,898.2068804011691,1760.4854855862914,8.183356508094136,4.175181891884764
446,6510,470.75179234921666,922.6735130044647,14.173172242772115,7.231210327944956
447,4546,416.0352148556658,815.429021117105,17.93728599025748,9.151676525641571
448,6336,514.0083170533333,1007.4563014245332,15.900509807836698,8.112505003998315
451,4395,435.5082662820535,853.5962019128249,19.421984116332762,9.909175569557531
452,17221,845.1000236658381,1656.3960463850426,9.61846609595867,4.907380661203403
453,7443,581.3190604134704,1139.385358410402,15.308146693677308,7.810278925345565
454,5884,419.4698439697424,822.1608941806951,13.972822810684827,7.128991229941237
481,1566,253.5785874240962,497.0140313512286,31.737805322556106,16.192757817630664
482,11752,655.9634898376586,1285.6884400818108,10.940167121186272,5.581717918972588
483,21,20.844663585675832,40.85554062792463,194.55019346630777,99.26030278893253
484,17637,696.1314171907486,1364.4175776938673,7.736109189169742,3.946994484270276
485,2280,346.7548846087103,679.6395738330722,29.80875323829264,15.20854757055747
486,396,103.63059393827675,203.1159641190224,51.29191013106627,26.169341903605236
487,37,26.03171143048417,51.02215440374897,137.89771460472696,70.35597683914641
488,4650,438.94105526824444,860.3244683257591,18.501601469371163,9.439592586413859
491,4361,333.276311789482,653.2215711073848,14.978710642223911,7.642199307257097
492,3286,343.8128124430502,673.8731123883783,20.507398429348093,10.462958382320457
493,3191,333.0460178413788,652.7701949691024,20.45660278812605,10.437042238839824
511,3207,326.98662052139076,640.8937762219259,19.98421503654275,10.196028079868748
512,1679,259.34465485141584,508.315523508775,30.274897171457717,15.44637610788659
515,3502,380.4971090560348,745.7743337498282,21.295669153336043,10.865137323130632
517,5122,405.4035026982377,794.5908652885458,15.513292957605346,7.91494538653334
518,2340,250.42653613385303,490.83601082235197,20.97589789839111,10.701988723668933
519,2172,240.14651777612767,470.6871748412102,21.67068024130802,11.05646951087144
522,11962,730.347246178145,1431.4806025091643,11.96690020489186,6.105561329026459
524,26781,1087.168179262068,2130.849631353653,7.956572313780863,4.05947567029636
531,9905,566.2141379372296,1109.7797103569699,11.204237358475213,5.716447631875109
532,1433,287.2312657076176,562.9732807869304,39.28634199490094,20.044052038214765
541,52099,1331.7575042026233,2610.244708237142,5.010162782850231,2.5562055014541993
561,30927,1055.4316889311217,2068.6461103049983,6.688803021001062,3.4126546025515623
562,3779,359.8371159288602,705.280747220566,18.66315816937195,9.522019474169364
611,100367,2342.4210018696467,4591.145163664508,4.5743572724745265,2.3338557512625133
621,41699,1440.008281226188,2822.4162312033286,6.76854656275529,3.4533400830384133
622,49481,1100.9906675353793,2157.9417083693434,4.361152176328981,2.2250776409841744
623,24944,884.3563478598433,1733.3384418052929,6.94891934655746,3.5453670135497246
624,30277,1152.4706070004563,2258.8423897208945,7.46058853162762,3.8064227202181735
711,2772,305.21402326891865,598.2194856070805,21.580789524064954,11.01060690003314
712,2387,240.1687948089843,470.7308378256092,19.72060485235062,10.061533087933988
713,10562,637.4999607843125,1249.4999231372526,11.830145077989515,6.035788305096691
721,8209,604.5309338652572,1184.880630375904,14.43392167591551,7.364245753018118
722,48188,1553.4584963879788,3044.7786529204386,6.31854124039271,3.2237455308126064
811,13724,797.3446243626404,1562.795463750775,11.387317573235027,5.809855904711749
812,12783,737.3952807009277,1445.2947501738183,11.306381523694112,5.768562001884751
813,14691,695.0915767005093,1362.3794903329983,9.273565382431409,4.73141090940378
814,2963,295.78116910986745,579.7310914553402,19.56567976562066,9.982489676337073
921,8384,496.0093749114023,972.1783748263484,11.59563901271885,5.916142353427985
923,7215,508.4628796677295,996.5872441487498,13.812713016614689,7.04730255949729
928,4928,424.77576437456975,832.5604981741567,16.894490628534022,8.619638075782666
