NAICSP,Ind_sector,education,n,n_se,MOE,r_MOE,CV
11,"Agriculture, Forestry, Fishing and Hunting",High School,14583.875,741.7610349912229,1453.8516285827968,9.968898036926378,5.086172467819581
11,"Agriculture, Forestry, Fishing and Hunting",Less than High School,3807.725,444.201673405504,870.6352798747878,22.864972650986818,11.665802372952458
11,"Agriculture, Forestry, Fishing and Hunting",Some College Credits or Higher,33070.45,1234.3186666132858,2419.26458656204,7.315487350677237,3.7323915054475703
21,"Mining, Quarrying, and Oil and Gas Extraction",High School,839.4,129.88329497090842,254.5712581429805,30.32776484905653,15.473349412783943
21,"Mining, Quarrying, and Oil and Gas Extraction",Less than High School,47.75,40.18465192085157,78.76191776486908,164.9464246384693,84.15633910125983
21,"Mining, Quarrying, and Oil and Gas Extraction",Some College Credits or Higher,809.825,180.41306753530912,353.6096123692059,43.664941483555815,22.27803136916113
22,Utilities,High School,1409.125,174.45629287876093,341.9343340423714,24.265720503317407,12.380469644549699
22,Utilities,Less than High School,113.65,50.0126740186925,98.0248410766373,86.25150996624488,44.00587243175759
22,Utilities,Some College Credits or Higher,8854.55,537.078735673365,1052.6743219197954,11.888512933122469,6.065567823021667
23,Construction,High School,23518.675,1013.352244856767,1986.1703999192632,8.445077794217843,4.308713160315227
23,Construction,Less than High School,10699.675,714.1048323119301,1399.6454713313829,13.081196123540042,6.674079654867368
23,Construction,Some College Credits or Higher,39687,1402.688830469895,2749.270107720994,6.927382033716316,3.5343785886307733
31-33,Manufacturing,High School,34633,1152.1711370820742,2258.2554286808654,6.520530790520213,3.326801423734803
31-33,Manufacturing,Less than High School,19695,1064.3852385884543,2086.1950676333704,10.592511132944251,5.404342414767475
31-33,Manufacturing,Some College Credits or Higher,59384.15,1546.0954710071262,3030.3471231739672,5.102956130842939,2.6035490463484385
42,Wholesale Trade,High School,7426.55,446.706901425588,875.5455267941525,11.789397860300577,6.01499890831662
42,Wholesale Trade,Less than High School,1141.55,268.2815989659932,525.8319339733467,46.06297875461844,23.501519772764507
42,Wholesale Trade,Some College Credits or Higher,18195.175,723.6846788095976,1418.4219704668112,7.795593999325708,3.9773438772069936
44-45,Retail Trade,High School,28327,1047.0249221604042,2052.1688474343923,7.24456824737668,3.696208289477898
44-45,Retail Trade,Less than High School,6918.6,504.16511308300585,988.1636216426914,14.282710687750285,7.287097289668513
44-45,Retail Trade,Some College Credits or Higher,61197.175,1529.4475545008886,2997.7172068217415,4.898456843509102,2.499212675259746
48-49,Transportation and Warehousing,High School,17109.3,892.3464089305509,1748.9989615038796,10.22250449465425,5.2155635176807404
48-49,Transportation and Warehousing,Less than High School,3077.75,390.22357121431037,764.8381995800484,24.850562897572846,12.678858621210637
48-49,Transportation and Warehousing,Some College Credits or Higher,34312.85,1328.5918962853111,2604.04011671921,7.5891105423163925,3.8719951746512202
51,Information,High School,2789.375,393.4626957778209,771.1868837245289,27.64730033518365,14.105765477134517
51,Information,Less than High School,314.775,75.90651384268679,148.7767671316661,47.264480067243625,24.114530646552872
51,Information,Some College Credits or Higher,12696.025,707.3352181117876,1386.3770274991039,10.919772350000128,5.571312423469453
52,Finance and Insurance,High School,8263.75,637.3627370118605,1249.2309645432467,15.116998512094954,7.712754342905588
52,Finance and Insurance,Less than High School,851.125,181.85943833768982,356.44449914187203,41.8792185803345,21.366948255272707
52,Finance and Insurance,Some College Credits or Higher,58715.725,1287.6295283023967,2523.7538754726975,4.29825889993302,2.1929892346597044
53,Real Estate and Rental and Leasing,High School,1653.725,221.72128351265695,434.5737156848076,26.278475301806992,13.407385358064792
53,Real Estate and Rental and Leasing,Less than High School,418.225,103.23691608988521,202.34435553617502,48.38169777898859,24.684539683157443
53,Real Estate and Rental and Leasing,Some College Credits or Higher,9239.15,628.5790119388334,1232.0148634001134,13.334720871509969,6.8034290160765165
54,"Professional, Scientific, and Technical Services",High School,3987.4,457.32728488468734,896.3614783739872,22.479848482068192,11.469310450034794
54,"Professional, Scientific, and Technical Services",Less than High School,680.85,165.4349763691161,324.25255368346757,47.62466823580341,24.298300120307864
54,"Professional, Scientific, and Technical Services",Some College Credits or Higher,50764.1,1442.6235020895956,2827.542064095607,5.569963939271271,2.8418183363628935
55,Management of Companies and Enterprises,High School,89.75,47.33420076963379,92.77503350848222,103.3705108729607,52.74005656783709
55,Management of Companies and Enterprises,Some College Credits or Higher,956.675,159.3141425964751,312.25571948909123,32.63968636047678,16.652901204324888
56,Administrative and Support and Waste Management and Remediation Services,High School,9098.5,663.3786778916323,1300.2222086675993,14.290511718059012,7.291077407172966
56,Administrative and Support and Waste Management and Remediation Services,Less than High School,4057.475,447.2377917562423,876.5860718422349,21.604226072674138,11.022564322792928
56,Administrative and Support and Waste Management and Remediation Services,Some College Credits or Higher,20951.3,892.5888717307088,1749.4741885921892,8.350193966924197,4.26030304434908
61,Educational Services,High School,9035.075,591.9165398041769,1160.1564180161865,12.840584256535628,6.551318498232464
61,Educational Services,Less than High School,1446.925,218.48595270920737,428.23246731004645,29.596037618400846,15.100019193061657
61,Educational Services,Some College Credits or Higher,84267.7,1851.6679283992864,3629.2691396626014,4.3068330328970665,2.197363792294422
62,Health Care and Social Assistance,High School,19069.475,791.9575501565731,1552.2367983068832,8.139903160977862,4.15301181682544
62,Health Care and Social Assistance,Less than High School,4960.9,503.1600363577179,986.1936712611271,19.879329784134477,10.142515195986977
62,Health Care and Social Assistance,Some College Credits or Higher,113532.025,1965.4736966330152,3852.32844540071,3.3931645677954836,1.7312064121405526
71,"Arts, Entertainment, and Recreation",High School,3061.125,377.1089738474145,739.1335887409324,24.145815304534523,12.319293522721695
71,"Arts, Entertainment, and Recreation",Less than High School,1190.975,225.6316508715034,442.2380357081467,37.13243650858723,18.945120667646545
71,"Arts, Entertainment, and Recreation",Some College Credits or Higher,8675.775,567.7682585681414,1112.8257867935572,12.826817048546754,6.544294412523854
72,Accommodation and Food Services,High School,14340.025,798.1093557002387,1564.2943371724677,10.908588633370359,5.565606445597122
72,Accommodation and Food Services,Less than High School,7426.65,534.2066830239958,1047.0450987270317,14.098484494718774,7.19310433404019
72,Accommodation and Food Services,Some College Credits or Higher,22484.4,1074.9321707670676,2106.8670547034526,9.37035035270433,4.7807909962777195
81,Other Services (except Public Administration),High School,9169.925,631.3204166417795,1237.3880166178878,13.493981865913712,6.884684625466179
81,Other Services (except Public Administration),Less than High School,2131.4,300.1699850189056,588.333170637055,27.603132712632778,14.083230975833047
81,Other Services (except Public Administration),Some College Credits or Higher,28595.3,1192.1776501559027,2336.668194305569,8.171511382309573,4.169138460362027
92,Public Administration,High School,5986.9,522.985304525854,1025.0511968706737,17.121568706186405,8.735494237850206
92,Public Administration,Less than High School,526.9,114.62576103891308,224.66649163626963,42.63930378369133,21.75474682841395
92,Public Administration,Some College Credits or Higher,36482.05,1051.5717581316069,2061.0806459379496,5.649574642702231,2.8824360421950157
