NAICSP_3,FTE_estimate,FTE_estimate_se,MOE,r_MOE,CV
111,23484.175,922.7065057481711,1808.5047512664155,7.7009507520124325,3.929056506128792
112,20294.175,892.1937944611584,1748.6998371438704,8.616757454510324,4.396304823729757
113,220,65.12402830369142,127.64309547523517,58.01958885237962,29.601831047132464
114,23.4,17.700621458016666,34.69321805771266,148.26161563125072,75.64368144451568
115,2087.2,259.2327464123698,508.0961829682448,24.34343536643565,12.420120084916148
211,62.675,43.628496278235396,85.51185270534137,136.4369408940429,69.61068412961372
212,1182.45,193.68996876451808,379.63233877845545,32.105572225333454,16.38039399251707
213,823.5,157.00814210575194,307.7359585272738,37.36927243804175,19.065955325531505
221,10359.925,546.9869302026328,1072.0943831971604,10.348476298787496,5.279834846320151
22S,203.25,68.55815619785876,134.37398614780318,66.11266231134228,33.7309501588481
311,35949.475,1370.2208869603826,2685.6329384423498,7.4705762419127115,3.8115184907717916
312,654.65,143.57483240456875,281.40667151295474,42.985820134874324,21.93154088513996
313,98.35,43.10141528998787,84.47877396837622,85.89605894090109,43.824519867806686
314,297.775,92.5556938753635,181.40915999571246,60.921554863810755,31.082425950923852
315,339.625,106.05873962102322,207.87512965720552,61.207252015371516,31.22818980376098
316,125,68.0294054067798,133.3376345972884,106.67010767783071,54.42352432542384
321,1438.9,253.39015291394023,496.64469971132286,34.51558132679983,17.60999047285706
322,1356.975,271.69652693768467,532.5251927978619,39.24355222445969,20.02222052268352
323,3188.225,426.34206875905414,835.6304547677461,26.209895937951245,13.372395886709821
324,557.625,188.55991728426804,369.5774378771653,66.27705678137912,33.81482488845874
325,7783.275,560.8209409261123,1099.20904421518,14.122705984501128,7.20546223699037
326,3143.9,344.6815474554012,675.5758330125863,21.488464423569013,10.963502256922968
327,1824.75,264.228632887316,517.8881204591394,28.381319109967905,14.48026485202444
331,3165.175,369.97367440130114,725.1484018265502,22.910215132703566,11.688885271787536
332,10379.6,787.4655879386092,1543.432552359674,14.869865431805406,7.586666036635411
333,10059.875,542.6336372556075,1063.5619290209906,10.572317538945471,5.394039560686465
334,4413.775,409.058362316736,801.7543901408026,18.16482240578196,9.267766533562224
335,1521.825,202.5370382794219,396.9725950276669,26.085298574255706,13.308825803191688
336,9091.6,494.0905354158285,968.4174494150238,10.651782408102246,5.434582861276657
337,1920.125,267.71932334769934,524.7298737614907,27.327901764806494,13.942807022860457
339,7283.775,589.385663371192,1155.1959002075362,15.859851522150755,8.091760980689163
423,13163.325,704.9337894219215,1381.670227266966,10.49636187868161,5.35528667279674
424,14764.275,712.020676095505,1395.5605251471898,9.452279405166795,4.822591533248365
425,389.125,110.19384198992248,215.97993030024804,55.5039975072915,28.318366075148727
42S,336.65,112.34949376832992,220.20500778592665,65.41066620701817,33.37278888113172
441,12816.525,817.2221429750606,1601.7554002311188,12.497579493904306,6.376316068318523
442,3645.375,374.3404697765124,733.7073207619643,20.127073915906163,10.26891526321743
443,2697.375,341.17661459096223,668.7061645982859,24.790997343650247,12.64846803247462
444,11581.2,636.8713462849068,1248.2678387184174,10.778398082395755,5.499182695099876
445,16880.6,745.714096541865,1461.5996292220555,8.658457810871981,4.417580515751011
446,5962.025,506.2307244169896,992.2122198572996,16.642201598572626,8.490919182945216
447,3991.225,393.6640788000602,771.581594448118,19.33194932503475,9.86323945154834
448,4890.2,478.041668587844,936.9616704321743,19.159986716947657,9.775503427014112
451,4394.05,430.51638946008774,843.8121233417719,19.203516649600523,9.797712576326798
452,13845.15,755.1579901128304,1480.1096606211474,10.690455940319515,5.45431425526506
453,5670.05,389.6494128941427,763.7128492725196,13.469243644633108,6.872063083996485
454,4685.075,375.5179567111273,736.0151951538095,15.709784691895209,8.015196271375107
481,1427.35,246.76697421352804,483.66326945851495,33.88540087984832,17.288469836657306
482,14115.225,773.7649083983778,1516.5792204608204,10.744279460375731,5.4817752348855775
483,43,30.031649971321922,58.86203394379097,136.888451032072,69.8410464449347
484,18607.425,865.9213624082734,1697.2058703202158,9.121121650740045,4.653633495275534
485,1478.625,283.3632306775175,555.3919321279343,37.56137845146229,19.163968597684843
486,532.85,120.47902631267402,236.1388915728411,44.3162037295376,22.610308025274286
487,20.6,14.737842447251227,28.886171196612406,140.2241320223903,71.54292450121955
488,4444.025,429.0574472390031,840.9525965884461,18.92321930206167,9.654703725541669
491,3849.275,306.47574317758006,600.6924566280569,15.605340138806836,7.961908234085121
492,2852.725,368.87679934329026,722.9985267128488,25.344136806486738,12.930682044125888
493,2990.825,322.04593558217744,631.2100337410677,21.104880216698326,10.76779602892772
511,2828.225,331.33310301907653,649.41288191739,22.961853527120013,11.715231391387762
512,1064.8,204.53330214784097,400.8852722097683,37.64887980933211,19.208612147618425
515,3483.75,363.6019165069128,712.659756353549,20.456684789481137,10.437084076265887
517,5600.45,481.22482911446906,943.2006650643593,16.841515682924754,8.592610042308548
518,2191.05,274.2196876479696,537.4705877900203,24.53027488145046,12.51544636808697
519,1520.725,215.45731965693346,422.2963465275896,27.769409099448595,14.168065867065607
522,11697.175,702.8567458282307,1377.599221823332,11.77719596247241,6.008773450241026
524,26392.4,959.7623533979652,1881.1342126600116,7.127560254694577,3.6365103340278453
531,8448.1,508.70765846530173,997.0670105919913,11.802263356162822,6.021562936817766
532,1307.325,250.47487648464863,490.93075790991134,37.5523116218164,19.159342664192042
541,48579.05,1178.0061549738389,2308.892063748724,4.752855528769549,2.4249262901885458
561,28448.275,1001.6132522086554,1963.1619743289646,6.900811997665815,3.520822447788681
562,3799.325,425.14200598153076,833.2783317238003,21.932273014911868,11.189935211689729
611,87901.825,2083.938681297089,4084.519815342294,4.646683746716628,2.370757013630933
621,36370.15,1170.508363983893,2294.1963934084306,6.307910177462646,3.2183215191135948
622,46473.9,1299.456032021188,2546.9338227615285,5.4803531073603216,2.7960985241634293
623,21980.45,749.5802582529103,1469.1773061757042,6.68401832617487,3.410213431721872
624,26232.8,940.7573881087776,1843.884480693204,7.028927452247584,3.5861874756365224
711,2656.1,367.873672185847,721.0323974842601,27.14628204827605,13.850143902181658
712,1856.25,223.78771483819216,438.6239210828566,23.62957150614716,12.055903829666919
713,8350.6,602.254239970546,1180.4183103422702,14.135730490530863,7.212107393127991
721,7369.2,646.0007245545473,1266.1614201269128,17.181802911128926,8.766225975065778
722,37460.725,1354.540789391371,2654.899947207087,7.087155807067501,3.6158958199323985
811,13107.675,883.7107864885718,1732.0731415176006,13.214190476324752,6.741933916492222
812,10213.05,604.9743998715978,1185.7498237483317,11.610144117069158,5.92354291687202
813,11590.575,654.7191637689015,1283.2495609870468,11.071491802495101,5.648720307395461
814,1613.15,228.91413626346886,448.67170707639895,27.813390390007065,14.190505301024011
921,7774.975,488.01773578170304,956.5147621321379,12.30248022832405,6.276775626695945
923,6578.15,497.87749051599025,975.8398814113409,14.834564146626954,7.568655176850486
928,5223.7,490.94855522243876,962.2591682359799,18.421026633152362,9.398482976098146
