NAICSP,Ind_sector,race_ethnicity,n,n_se,MOE,r_MOE,CV
11,"Agriculture, Forestry, Fishing and Hunting","Black, non-Hispanic",65.5,40.88713734171176,80.13878918975504,122.34929647290846,62.42311044536146
11,"Agriculture, Forestry, Fishing and Hunting",Hispanic,3413.675,435.09723478637505,852.7905801812951,24.981598429296728,12.745713484335063
11,"Agriculture, Forestry, Fishing and Hunting",Other,995.15,244.16916407994685,478.5715615966958,48.09039457335033,24.535915598648128
11,"Agriculture, Forestry, Fishing and Hunting","White, non-Hispanic",46987.725,1396.4354728311832,2737.013526749119,5.824954340200806,2.971915479694289
21,"Mining, Quarrying, and Oil and Gas Extraction","Black, non-Hispanic",21.599999999999998,20.477499847393478,40.135899700891216,185.81435046708899,94.80324003422908
21,"Mining, Quarrying, and Oil and Gas Extraction",Hispanic,12,14.444722219551334,28.311655550320616,235.93046291933848,120.37268516292778
21,"Mining, Quarrying, and Oil and Gas Extraction",Other,46.75,38.020111865300976,74.51941925598992,159.3998272855399,81.3264424926224
21,"Mining, Quarrying, and Oil and Gas Extraction","White, non-Hispanic",1616.625,194.95940274516124,382.12042938051604,23.636924418496314,12.059655315559343
22,Utilities,"Black, non-Hispanic",54.125,30.51531377849489,59.810015005849984,110.5034919276674,56.379332616156844
22,Utilities,Hispanic,224.875,85.98834041601222,168.53714721538395,74.94703600461764,38.238283675825336
22,Utilities,Other,154.525,56.87855538337801,111.48196855142089,72.14494001062668,36.80864286256464
22,Utilities,"White, non-Hispanic",9943.8,584.4336550242468,1145.4899638475238,11.51964001536157,5.877367354776312
23,Construction,"Black, non-Hispanic",1385.8,288.3885659466235,565.241589255382,40.788107176748596,20.810258763647244
23,Construction,Hispanic,14732.85,994.5800398126588,1949.3768780328112,13.231498848035589,6.750764718385504
23,Construction,Other,2331.55,344.4985152362779,675.2170898631047,28.9600090010124,14.7755147964349
23,Construction,"White, non-Hispanic",55455.15,1484.5079936632203,2909.6356675799116,5.246826791704488,2.6769524447471884
31-33,Manufacturing,"Black, non-Hispanic",6800.4,504.4611708917743,988.7438949478776,14.539496131813975,7.418110271333663
31-33,Manufacturing,Hispanic,25653.325,1199.7930009875663,2351.59428193563,9.166820604875312,4.67694928820169
31-33,Manufacturing,Other,8100.8,616.0201043036258,1207.3994044351066,14.904693418367405,7.604435417534389
31-33,Manufacturing,"White, non-Hispanic",73157.625,1620.6196458743023,3176.414505913632,4.341877563567205,2.215243654881227
42,Wholesale Trade,"Black, non-Hispanic",245.125,95.83329438405006,187.83325699273811,76.62753982365655,39.09568358349824
42,Wholesale Trade,Hispanic,1288.275,238.0575479269666,466.59279393685455,36.218415628406554,18.478783483880896
42,Wholesale Trade,Other,1637.525,272.1243021350721,533.3636321847414,32.57132759406674,16.61802428268711
42,Wholesale Trade,"White, non-Hispanic",23592.35,814.273849762014,1595.9767455335475,6.7648061576466425,3.4514317130850216
44-45,Retail Trade,"Black, non-Hispanic",4058.3,524.8469199145119,1028.6999630324433,25.34805122914627,12.932679198544017
44-45,Retail Trade,Hispanic,8037.6,548.8753408675781,1075.795668100453,13.38453852021067,6.828846183780955
44-45,Retail Trade,Other,4263.625,411.73877109764635,807.0079913513869,18.927743207983507,9.657011840807913
44-45,Retail Trade,"White, non-Hispanic",80083.25,1659.4732043821919,3252.567480589096,4.061482870124646,2.072185137818697
48-49,Transportation and Warehousing,"Black, non-Hispanic",3436.125,429.3222582236449,841.471626118344,24.488970166054614,12.494372533701332
48-49,Transportation and Warehousing,Hispanic,4224,463.8821442793956,909.2090027876154,21.524834346297713,10.982058339947812
48-49,Transportation and Warehousing,Other,2554.35,329.28176056950076,645.3922507162215,25.266398524721417,12.89101965547011
48-49,Transportation and Warehousing,"White, non-Hispanic",44285.425,1305.2395354517312,2558.269489485393,5.77677529228949,2.9473343328007604
51,Information,"Black, non-Hispanic",1222,262.8555947426267,515.1969656955483,42.16014449227073,21.510277802178944
51,Information,Hispanic,1090.975,266.48249696274615,522.3056940469825,47.875129498566196,24.426086478860302
51,Information,Other,1222.65,248.31879491140012,486.70483802634425,39.807372349105975,20.309883851584683
51,Information,"White, non-Hispanic",12264.55,660.8360127047405,1295.2385849012912,10.560832520567745,5.388179857432523
52,Finance and Insurance,"Black, non-Hispanic",2950.7,387.5549268329587,759.607656592599,25.743303507391435,13.134338524179304
52,Finance and Insurance,Hispanic,5140.2,590.4883428411182,1157.3571519685916,22.515800007170764,11.487653064883045
52,Finance and Insurance,Other,3126.1,378.75295399013066,742.3557898206561,23.747026320996007,12.115829755610207
52,Finance and Insurance,"White, non-Hispanic",56613.6,1241.2964220926451,2432.9409873015843,4.29744970696367,2.1925763811039136
53,Real Estate and Rental and Leasing,"Black, non-Hispanic",499.25,127.19931849267117,249.31066424563548,49.9370384067372,25.478080819763882
53,Real Estate and Rental and Leasing,Hispanic,553.3,158.29984325639745,310.267692782539,56.075852662667444,28.610128909524214
53,Real Estate and Rental and Leasing,Other,450.25,131.53656905971056,257.8116753570327,57.259672483516425,29.21411861403899
53,Real Estate and Rental and Leasing,"White, non-Hispanic",9808.3,626.8073815226255,1228.542467784346,12.525539265564328,6.390581257940984
54,"Professional, Scientific, and Technical Services","Black, non-Hispanic",1082.425,269.86370275103695,528.9328573920325,48.865543330210635,24.93139965827073
54,"Professional, Scientific, and Technical Services",Hispanic,2237.175,326.9529019981318,640.8276879163383,28.644504248274643,14.614542983813594
54,"Professional, Scientific, and Technical Services",Other,3134.25,327.54564381357596,641.9894618746089,20.483033002300672,10.45052704199014
54,"Professional, Scientific, and Technical Services","White, non-Hispanic",48978.5,1406.471433221717,2756.6840091145655,5.628355317362854,2.871609855797374
55,Management of Companies and Enterprises,Hispanic,10.5,10.55876413222684,20.695177699164606,197.09693046823435,100.55965840216037
55,Management of Companies and Enterprises,Other,21,19.98999749874922,39.18039509754847,186.57330998832603,95.19046427975817
55,Management of Companies and Enterprises,"White, non-Hispanic",1014.925,168.7469613615309,330.7440442686006,32.588028107357744,16.626544952733543
56,Administrative and Support and Waste Management and Remediation Services,"Black, non-Hispanic",2757,391.64365795005534,767.6215695821085,27.842639448027146,14.205428289809769
56,Administrative and Support and Waste Management and Remediation Services,Hispanic,5169.45,611.1099594948113,1197.77552060983,23.170269963145596,11.821566307727347
56,Administrative and Support and Waste Management and Remediation Services,Other,1345.975,230.3339074854156,451.45445867141456,33.541073101017076,17.112792398478103
56,Administrative and Support and Waste Management and Remediation Services,"White, non-Hispanic",24834.85,957.3282632213991,1876.3633959139422,7.555364320356041,3.8547777144673683
61,Educational Services,"Black, non-Hispanic",3207.6,432.4757369278073,847.6524443785023,26.426376243250477,13.48284502206657
61,Educational Services,Hispanic,4967.725,434.86977052043966,852.3447502200618,17.15764761978696,8.75390184683008
61,Educational Services,Other,4721.625,412.06529943687326,807.6479868962716,17.105297157149742,8.727192427117217
61,Educational Services,"White, non-Hispanic",81852.75,1871.5607160619315,3668.2590034813857,4.481534222712598,2.2864970524043864
62,Health Care and Social Assistance,"Black, non-Hispanic",8143.425,720.2568087147806,1411.70334508097,17.335498823664118,8.844642256971492
62,Health Care and Social Assistance,Hispanic,9411.35,621.1933051846663,1217.538878161946,12.93692061353521,6.600469700783271
62,Health Care and Social Assistance,Other,7688.925,464.4184616606557,910.2601848548851,11.838588422372244,6.04009613386339
62,Health Care and Social Assistance,"White, non-Hispanic",112318.7,1893.7600422753535,3711.7696828596927,3.3046764989798603,1.6860594382550311
71,"Arts, Entertainment, and Recreation","Black, non-Hispanic",303.75,99.8475439420019,195.70118612632373,64.4283740333576,32.871619404774286
71,"Arts, Entertainment, and Recreation",Hispanic,553.8,154.44428789210693,302.71080426852956,54.660672493414516,27.888098210925776
71,"Arts, Entertainment, and Recreation",Other,988.875,198.39454353950867,388.853305337437,39.32279664643529,20.062651350222087
71,"Arts, Entertainment, and Recreation","White, non-Hispanic",11081.45,613.8323724509403,1203.111450003843,10.856985773557097,5.539278455896477
72,Accommodation and Food Services,"Black, non-Hispanic",2799.025,364.81699902999304,715.0413180987864,25.546085443995192,13.03371706326285
72,Accommodation and Food Services,Hispanic,7065.45,517.8021260578214,1014.8921670733299,14.364154683329867,7.3286503486376855
72,Accommodation and Food Services,Other,3795.25,347.15819381263356,680.4300598727617,17.928464788163144,9.147175912328136
72,Accommodation and Food Services,"White, non-Hispanic",30591.35,1317.8444869724767,2582.9751944660543,8.44348220809495,4.307899085762729
81,Other Services (except Public Administration),"Black, non-Hispanic",740.875,186.42804912351576,365.39897628209087,49.31992256211789,25.163225796998923
81,Other Services (except Public Administration),Hispanic,2541.425,358.2741243621984,702.2172837499088,27.630848195398595,14.09737152826459
81,Other Services (except Public Administration),Other,2839.925,431.158207332297,845.0700863713022,29.756774787056074,15.182027952579627
81,Other Services (except Public Administration),"White, non-Hispanic",33774.4,1211.5943783012747,2374.7249814704983,7.031138914297509,3.5873157726007707
92,Public Administration,"Black, non-Hispanic",1267.775,270.14818925221397,529.4904509343394,41.76533303893351,21.308843387210977
92,Public Administration,Hispanic,2111.8,311.6677532345141,610.8687963396477,28.926451195172255,14.758393466924618
92,Public Administration,Other,2471.925,304.6249678908477,597.0649370660615,24.153845163832294,12.323390389710354
92,Public Administration,"White, non-Hispanic",37144.35,1031.9723089035633,2022.6657254509842,5.445419627617617,2.7782753202130697
