cause,head_neck,spine_back,torso,extremities,unclassified,unspecified
Bites and Stings,0,0,0,8,1,0
Cut/Pierce,3,0,8,26,1,0
Drowning/Submersion,0,1,1,0,1,0
Fall,135,79,95,278,11,7
Fire/Burn,10,2,14,25,6,21
Firearm,0,0,1,1,1,0
Machinery,18,4,13,86,7,1
Motor Vehicle-Nontraffic,11,14,23,23,2,1
Motor Vehicle Traffic,30,28,34,42,5,1
"Natural/Environmental, Other",14,6,11,31,6,0
Other Specified,9,5,12,52,5,10
Other Transport,10,10,12,23,5,0
Overexertion,0,1,3,6,0,0
"Pedestrian, other",3,5,5,9,3,0
Poisoning,0,0,1,2,10,0
Struck by/against,27,16,11,47,0,0
Suffocation,1,1,4,2,1,1
Unspecified,1,0,2,4,2,8
NA,13,15,18,69,7,0
