Industry Sector,2014,2015,2016,2017,2018,2019,2020,2021,2022,2023
Accommodation and Food Services,8,13,7,12,9,9,14,8,18,11
Administrative and Support and Waste Management and Remediation Services,8,10,4,12,7,7,10,5,6,8
"Agriculture, Forestry, Fishing and Hunting",25,14,10,14,21,20,19,22,22,15
"Arts, Entertainment, and Recreation",4,4,5,4,3,13,4,4,4,3
Construction,33,24,35,41,36,41,28,37,33,35
Educational Services,5,6,4,6,7,7,10,7,7,5
Finance and Insurance,5,5,9,7,9,8,7,10,10,5
Health Care and Social Assistance,15,18,17,16,12,9,14,19,10,19
Information,4,4,6,2,2,7,9,3,4,5
Management of Companies and Enterprises,0,0,0,0,0,0,1,0,1,0
Manufacturing,30,25,18,30,25,30,27,32,30,30
"Mining, Quarrying, and Oil and Gas Extraction",1,2,1,0,0,0,1,0,0,0
Other Services (except Public Administration),13,10,10,12,15,15,17,11,15,10
"Professional, Scientific, and Technical Services",8,2,5,8,8,8,10,11,13,9
Public Administration,4,5,7,5,8,11,11,6,10,5
Real Estate and Rental and Leasing,0,1,1,2,0,3,2,6,2,4
Retail Trade,12,14,17,14,19,23,14,13,18,12
Transportation and Warehousing,19,18,18,21,22,16,19,15,11,31
Utilities,0,1,6,5,0,7,5,4,6,2
Wholesale Trade,2,6,5,3,5,6,1,4,5,10
Annual Total,196,182,185,214,208,240,223,217,225,219
