Occupation Category,2014,2015,2016,2017,2018,2019,2020,2021,2022,2023,Category Total 
" Installation, Maintenance, and Repair Occupations",16,8,11,16,14,16,18,16,24,17,156
 Personal Care and Service Occupations,2,4,0,0,1,2,10,2,10,2,33
Architecture and Engineering Occupations,4,2,1,4,1,5,3,2,5,4,31
"Arts, Design, Entertainment, Sports, and Media Occupations",2,4,2,3,0,12,5,3,1,2,34
Building and Grounds Cleaning and Maintenance Occupations,5,10,3,8,8,4,11,6,8,10,73
Business and Financial Operations Occupations,4,1,3,5,6,11,5,2,5,4,46
Community and Social Service Occupations,3,3,1,0,1,0,1,2,3,1,15
Computer and Mathematical Occupations,4,4,7,3,5,3,7,5,7,5,50
Construction and Extraction Occupations,25,22,32,40,31,37,27,40,25,38,317
Educational Instruction and Library Occupations,4,4,3,4,5,7,7,3,6,4,47
"Farming, Fishing, and Forestry Occupations",22,11,10,13,17,19,16,19,21,10,158
Food Preparation and Serving Related Occupations,6,8,8,9,6,7,9,6,16,6,81
Healthcare Practitioners and Technical Occupations,9,11,6,8,6,6,3,14,6,6,75
Healthcare Support Occupations,3,4,8,8,5,3,7,7,1,6,52
Legal Occupations,0,2,0,0,1,3,0,2,1,1,10
"Life, Physical, and Social Science Occupations",1,1,2,0,1,0,1,5,2,2,15
Management Occupations,12,10,12,19,18,17,21,20,15,15,159
Office and Administrative Support Occupations,13,8,10,13,10,12,13,13,6,12,110
Production Occupations,22,19,15,13,20,19,13,18,19,24,182
Protective Service Occupations,4,3,4,3,4,7,8,2,3,4,42
Sales and Related Occupations,7,15,12,11,20,16,11,11,13,14,130
Transportation and Material Moving Occupations,27,25,32,35,27,34,23,20,34,34,291
Annual Total ,195,179,182,215,207,240,219,218,231,221,
