Ind_sector.x,Count_2014,suicide_per_1000_fte_2014,Count_2015,suicide_per_1000_fte_2015,Count_2016,suicide_per_1000_fte_2016,Count_2017,suicide_per_1000_fte_2017,Count_2018,suicide_per_1000_fte_2018,Count_2019,suicide_per_1000_fte_2019,Count_2020,suicide_per_1000_fte_2020,Count_2021,suicide_per_1000_fte_2021,Count_2022,suicide_per_1000_fte_2022,Count_2023,suicide_per_1000_fte_2023
"Agriculture, Forestry, Fishing and Hunting",25,0.469,14,0.264,10,0.196,14,0.274,21,0.378,20,0.434,19,0.349,22,0.475,22,0.408,15,0.284
"Mining, Quarrying, and Oil and Gas Extraction",1,0.667,2,1.059,1,0.494,0,0,0,0,0,0,1,0.515,0,0,0,0,0,0
Utilities,0,0,1,0.08,6,0.511,5,0.426,0,0,7,0.663,5,0.472,4,0.425,6,0.506,2,0.154
Construction,33,0.491,24,0.334,35,0.477,41,0.55,36,0.473,41,0.562,28,0.377,37,0.499,33,0.423,35,0.444
Manufacturing,30,0.271,25,0.22,18,0.158,30,0.263,25,0.26,30,0.28,27,0.238,32,0.275,30,0.261,30,0.253
Wholesale Trade,2,0.075,6,0.212,5,0.175,3,0.102,5,0.17,6,0.209,1,0.035,4,0.175,5,0.191,10,0.396
Retail Trade,12,0.122,14,0.139,17,0.169,14,0.136,19,0.195,23,0.247,14,0.143,13,0.131,18,0.184,12,0.124
Transportation and Warehousing,19,0.383,18,0.364,18,0.354,21,0.41,22,0.368,16,0.318,19,0.345,15,0.249,11,0.198,31,0.572
Information,4,0.22,4,0.218,6,0.332,2,0.113,2,0.101,7,0.419,9,0.527,3,0.226,4,0.267,5,0.359
Finance and Insurance,5,0.081,5,0.08,9,0.145,7,0.109,9,0.13,8,0.126,7,0.105,10,0.149,10,0.145,5,0.073
Real Estate and Rental and Leasing,0,0,1,0.086,1,0.084,2,0.171,0,0,3,0.292,2,0.175,6,0.471,2,0.179,4,0.344
"Professional, Scientific, and Technical Services",8,0.173,2,0.043,5,0.105,8,0.164,8,0.141,8,0.165,10,0.19,11,0.175,13,0.227,9,0.152
Management of Companies and Enterprises,0,0,0,0,0,0,0,0,0,0,0,0,1,0.749,0,0,1,0.923,0,0
Administrative and Support and Waste Management and Remediation Services,8,0.259,10,0.317,4,0.127,12,0.364,7,0.211,7,0.217,10,0.296,5,0.145,6,0.172,8,0.232
Educational Services,5,0.058,6,0.069,4,0.044,6,0.066,7,0.075,7,0.08,10,0.105,7,0.067,7,0.073,5,0.053
Health Care and Social Assistance,15,0.116,18,0.138,17,0.129,16,0.121,12,0.084,9,0.069,14,0.102,19,0.135,10,0.071,19,0.133
"Arts, Entertainment, and Recreation",4,0.299,4,0.287,5,0.372,4,0.3,3,0.207,13,1.011,4,0.312,4,0.311,4,0.33,3,0.224
Accommodation and Food Services,8,0.161,13,0.262,7,0.144,12,0.252,9,0.194,9,0.201,14,0.315,8,0.181,18,0.399,11,0.249
Other Services (except Public Administration),13,0.351,10,0.279,10,0.271,12,0.32,15,0.366,15,0.411,17,0.407,11,0.287,15,0.365,10,0.241
Public Administration,4,0.091,5,0.116,7,0.164,5,0.123,8,0.174,11,0.28,11,0.264,6,0.114,10,0.22,5,0.111
