OccCategory.x,Count_2016,suicide_per_1000_fte_2016,Count_2017,suicide_per_1000_fte_2017,Count_2018,suicide_per_1000_fte_2018,Count_2019,suicide_per_1000_fte_2019,Count_2020,suicide_per_1000_fte_2020,Count_2021,suicide_per_1000_fte_2021,Count_2022,suicide_per_1000_fte_2022,Count_2023,suicide_per_1000_fte_2023
Management Occupations,21,0.168,30,0.236,32,0.258,31,0.248,30,0.232,31,0.232,29,0.212,24,0.173
Business and Financial Operations Occupations,3,0.066,5,0.109,6,0.117,11,0.208,5,0.092,2,0.036,5,0.087,4,0.068
Computer and Mathematical Occupations,7,0.281,3,0.111,5,0.178,3,0.103,7,0.223,5,0.153,7,0.211,5,0.148
Architecture and Engineering Occupations,1,0.075,4,0.307,1,0.073,5,0.37,3,0.203,2,0.131,5,0.304,4,0.232
"Life, Physical, and Social Science Occupations",2,0.247,0,0,1,0.113,0,0,1,0.092,5,0.456,2,0.177,2,0.171
Community and Social Service Occupations,1,0.06,0,0,1,0.054,0,0,1,0.054,2,0.11,3,0.164,1,0.055
Legal Occupations,0,0,0,0,1,0.124,3,0.358,0,0,2,0.231,1,0.117,1,0.103
Educational Instruction and Library Occupations,3,0.048,4,0.064,5,0.079,7,0.109,7,0.105,3,0.044,6,0.087,4,0.058
"Arts, Design, Entertainment, Sports, and Media Occupations",2,0.159,3,0.23,0,0,12,0.851,5,0.356,3,0.229,1,0.079,2,0.156
Healthcare Practitioners and Technical Occupations,6,0.106,8,0.142,6,0.108,6,0.104,3,0.052,14,0.234,6,0.096,6,0.092
Healthcare Support Occupations,8,0.36,8,0.358,5,0.178,3,0.108,7,0.259,7,0.253,1,0.036,6,0.221
Protective Service Occupations,4,0.248,3,0.191,4,0.246,7,0.421,8,0.485,2,0.118,3,0.172,4,0.238
Food Preparation and Serving Related Occupations,8,0.208,9,0.243,6,0.16,7,0.188,9,0.261,6,0.165,16,0.428,6,0.165
Building and Grounds Cleaning and Maintenance Occupations,3,0.103,8,0.271,8,0.271,4,0.137,11,0.4,6,0.218,8,0.302,10,0.366
 Personal Care and Service Occupations,0,0,0,0,1,0.042,2,0.086,10,0.428,2,0.091,10,0.455,2,0.097
Sales and Related Occupations,12,0.133,11,0.119,20,0.217,16,0.175,11,0.126,11,0.126,13,0.154,14,0.166
Office and Administrative Support Occupations,10,0.081,13,0.106,10,0.089,12,0.109,13,0.117,13,0.118,6,0.055,12,0.113
"Farming, Fishing, and Forestry Occupations",1,0.069,2,0.126,3,0.184,5,0.297,7,0.418,8,0.49,7,0.461,1,0.069
Construction and Extraction Occupations,32,0.579,40,0.711,31,0.549,37,0.65,27,0.494,40,0.746,25,0.453,38,0.693
" Installation, Maintenance, and Repair Occupations",11,0.293,16,0.426,14,0.379,16,0.43,18,0.487,16,0.439,24,0.652,17,0.459
Production Occupations,15,0.213,13,0.183,20,0.281,19,0.268,13,0.178,18,0.235,19,0.249,24,0.323
Transportation and Material Moving Occupations,32,0.473,35,0.502,27,0.344,34,0.431,23,0.298,20,0.263,34,0.445,34,0.44
