NAICS,Ind_sector,Count,suicidesper1000fte,Percentage,n,n_se,MOE,r_MOE,CV
23,Construction,343,4.352321021107806,16.263632053105738,78808.525,1862.821152596915,3651.1294590899533,4.632911806292471,2.3637305134145263
31-33,Manufacturing,277,2.3353642008902207,13.134186818397344,118611.05,2315.184308416396,4537.761244496136,3.8257491561672676,1.9519128347792185
48-49,Transportation and Warehousing,190,3.5084398752657298,9.009009009,54155.125,1633.0552196917592,3200.7882305958483,5.910406873949323,3.015513711198634
11,"Agriculture, Forestry, Fishing and Hunting",182,3.4475018397726163,8.629682313892841,52791.85,1463.5564866212892,2868.5707137777267,5.433737809487122,2.772315208922001
44-45,Retail Trade,156,1.6119428431933518,7.396870554765292,96777.625,1890.347124067098,3705.080363171512,3.828447291583682,1.9532894344814704
62,Health Care and Social Assistance,149,1.0455309428917314,7.064959696538644,142511.325,2430.672223191305,4764.117557454958,3.342974712679822,1.7055993432039909
81,Other Services (except Public Administration),128,3.090566889646239,6.069227121858701,41416.35,1314.7923809840663,2576.993067,6.222163630374888,3.1745732808035143
72,Accommodation and Food Services,109,2.4628788794578953,5.168326221,44257.15,1224.2984553153296,2399.624972418046,5.422005196,2.7663291814211477
54,"Professional, Scientific, and Technical Services",82,1.3816879171391647,3.888098625,59347.7,1489.4961617943172,2919.4124771168617,4.919167005826446,2.509779085
56,Administrative and Support and Waste Management and Remediation Services,77,2.235006588915528,3.6510194404931244,34451.8,1497.1324962657789,2934.3796926809264,8.517347983794537,4.345585706017621
52,Finance and Insurance,75,1.1018895201491519,3.556187766714083,68064.9,1687.7285451995124,3307.947948591044,4.859990903668477,2.4795871957492226
92,Public Administration,72,1.5964355142601048,3.4139402560455197,45100.475,1438.8107364895152,2820.0690435194497,6.252858852416631,3.1902341083758325
61,Educational Services,64,0.6727324711145496,3.0346135609293503,95134.4,1899.8493177173975,3723.7046627260993,3.9141516241507803,1.997016134770806
71,"Arts, Entertainment, and Recreation",48,3.5849856320497717,2.275960170697013,13389.175,896.6691675305894,1757.4715683599552,13.126063169388368,6.696971004789985
42,Wholesale Trade,47,1.8603270415357593,2.2285443338074917,25264.375,985.0748102143056,1930.7466280200388,7.642170558424813,3.8990666114412313
51,Information,46,3.306301919272326,2.1811284969179705,13912.825,752.7207867961398,1475.332742120434,10.604120601821943,5.410265613174461
22,Utilities,36,2.765077835020863,1.7069701280227598,13019.525,755.2164801813452,1480.2243011554367,11.369265016622625,5.800645416644196
53,Real Estate and Rental and Leasing,21,1.8044531325521196,0.995732575,11637.875,705.8625686438544,1383.4906345419545,11.88782861597976,6.065218681622327
21,"Mining, Quarrying, and Oil and Gas Extraction",5,2.9361677138998177,0.2370791844476055,1702.9,220.89435512253363,432.9529360401659,25.424448648785358,12.971657473870083
55,Management of Companies and Enterprises,2,2.0286547483200206,0.094831674,985.875,202.03493834606925,395.9884791582957,40.16619543,20.492956850114798
,,,,,1011340.825,,,,
