SOC,OccCategory,Count,suicidesper1000fte,Percentage,n,n_se,MOE,r_MOE,CV
47,Construction and Extraction Occupations,317,5.783777052727704,15.045087802562884,54808.475,1511.9836131407806,2963.4878817559297,5.406988393229203,2.7586675475659206
53,Transportation and Material Moving Occupations,291,3.768717315119161,13.81110583768391,77214.6,1781.1343288846172,3491.0232846138497,4.521195841996008,2.306732572446943
51,Production Occupations,182,2.449617129553453,8.637873754152823,74297.325,2214.827583752287,4341.062064154482,5.842824171872247,2.981032740751147
11,Management Occupations,159,1.4610965805515639,7.546274323682961,108822.375,2393.7379,4691.726284528572,4.311361780634334,2.199674378
45,"Farming, Fishing, and Forestry Occupations",158,3.564547640856033,7.498813478879924,44325.4,1287.1067813486763,2522.7292914434056,5.691385281223419,2.903768000624194
49," Installation, Maintenance, and Repair Occupations",156,4.215099784381434,7.403891789273849,37009.8,990.9008799761453,1942.1657247532448,5.247706620282316,2.677401336878733
41,Sales and Related Occupations,130,1.5457632116678963,6.169909824394875,84100.85,1817.3629136402565,3562.0313107349025,4.235428429956299,2.1609328724266836
43,Office and Administrative Support Occupations,110,1.0381344535118673,5.220692928334125,105959.3,2030.893597879082,3980.551451843001,3.7566796419408215,1.9166732867045007
35,Food Preparation and Serving Related Occupations,81,2.2316616305043353,3.8443284290460373,36295.825,907.8119552321939,1779.311432,4.902248212446199,2.5011470471664277
29,Healthcare Practitioners and Technical Occupations,75,1.1461624570666646,3.559563360227812,65435.75,1643.2433399853621,3220.756946,4.922014260356625,2.5112317654880734
37,Building and Grounds Cleaning and Maintenance Occupations,73,2.6733488180044547,3.4646416706217367,27306.575,938.16605,1838.8054580351486,6.733929312025213,3.435678220421027
31,Healthcare Support Occupations,52,1.9187660858094333,2.4679639297579494,27100.75,1067.3411560977113,2091.988665951514,7.719301738702855,3.9384192544402326
15,Computer and Mathematical Occupations,50,1.4794880083798203,2.3730422401518747,33795.475,1167.1250406581341,2287.5650796899426,6.768850207579395,3.453495003867039
25,Educational Instruction and Library Occupations,47,0.6794529102992051,2.230659705742762,69173.3,1558.3023522109722,3054.2726103335053,4.415392370081383,2.2527512092251953
13,Business and Financial Operations Occupations,46,0.7873463177010857,2.183198860939725,58424.1,1516.6676162519932,2972.6685278539067,5.088086128590611,2.5959623105054135
33,Protective Service Occupations,42,2.4945542988743323,1.9933554817275747,16836.675,831.4054291717434,1629.554641176617,9.678601274756549,4.938061874875791
27,"Arts, Design, Entertainment, Sports, and Media Occupations",34,2.654523522786937,1.613668723303275,12808.325,701.3097334853196,1374.5670776312263,10.731825415354672,5.475421130282996
39, Personal Care and Service Occupations,33,1.5927966976015135,1.5662078785002371,20718.275,883.7528424989645,1732.1555712979703,8.360520223319606,4.265571542510004
17,Architecture and Engineering Occupations,31,1.8015504957169588,1.4712861888941622,17207.4,888.8274150882728,1742.1017335730146,10.124142715186574,5.165378936
21,Community and Social Service Occupations,15,0.8192088081331051,0.7119126720455624,18310.35,845.3408326675105,1656.8680320283206,9.048805905,4.616737706638653
19,"Life, Physical, and Social Science Occupations",15,1.2801256229944697,0.7119126720455624,11717.6,638.5780979058082,1251.613071895384,10.681479756054005,5.449734569415309
23,Legal Occupations,10,1.0338802559887514,0.47460844803037494,9672.3,649.2019527610418,1272.4358274116419,13.155462789736069,6.711970811089832
