NAICSP_2,estimate,estimate_se,MOE,r_MOE,CV
11,35639,979.4282260584489,1919.6793230745598,5.386456755449254,2.748192222167987
21,1550,165.96716542738207,325.29564423766885,20.98681575726896,10.707559059831102
22,10206,536.1183171651571,1050.791901643708,10.295825021004388,5.252971949492035
23,67183,1372.0145042965107,2689.148428421161,4.002721564117651,2.0422048796518624
31-33,98785,1660.0243070509541,3253.64764181987,3.293665679829802,1.680441673382552
42,25486,976.6412084281515,1914.2167685191769,7.510856032799093,3.8320694044893333
44-45,102044,1952.9168953132646,3827.7171148139987,3.751045739890634,1.9137988468829765
48-49,43840,1357.800206215922,2661.2884041832067,6.070457126330307,3.097172003229749
51,17291,659.5723235551959,1292.7617541681839,7.476500804859082,3.81454122696892
52,61469,1500.3133839301709,2940.6142325031346,4.7838979526316265,2.4407642615467484
53,10226,515.3107800153224,1010.0091288300318,9.876873937316956,5.039221396590284
54,47157,1109.4975664687147,2174.615230278681,4.611436754413302,2.352773854292501
55,1290,183.19033817316895,359.05306281941114,27.833570761194657,14.200801408772787
56,33198,1006.8482010710453,1973.4224740992488,5.944401693172025,3.0328580067204207
61,90984,1985.1768812879118,3890.946687324307,4.276517505632096,2.181896686546988
62,138620,2217.3460487709176,4345.998255590998,3.1351884689013114,1.5995859535210777
71,15361,728.2870656547458,1427.4426486833017,9.292641421022731,4.7411435821544545
72,56720,1643.2448235123093,3220.759854084126,5.678349531177937,2.8971171077438456
81,38410,1316.8693936757738,2581.0640116045165,6.719770923208842,3.4284545526575734
92,38088,1136.0218747893898,2226.602874587204,5.8459432750136635,2.98262411990493
