NAICSP,Ind_sector,n,n_se,MOE,r_MOE,CV
11,"Agriculture, Forestry, Fishing and Hunting",51034.05,1458.1336767744406,2857.9420064779033,5.600068986251147,2.857178054209769
21,"Mining, Quarrying, and Oil and Gas Extraction",2022.6,228.91871933614345,448.68068989884114,22.18336249870667,11.318042091176874
22,Utilities,11741.625,596.1104306774877,1168.3764441278759,9.95072184751153,5.076898901791598
23,Construction,73401.525,1571.9752004146717,3081.0713928127566,4.197557738497609,2.1416110910702084
31-33,Manufacturing,113856.5,2059.913634931085,4037.4307244649267,3.54606959151645,1.8092191793451278
42,Wholesale Trade,28516.275,1217.034132969367,2385.3869006199593,8.365001742408358,4.2678580318409995
44-45,Retail Trade,100527.3,2017.7747422903767,3954.8384948891385,3.934094017136776,2.0071908250697836
48-49,Transportation and Warehousing,50801.5,1421.35949805767,2785.8646161930333,5.48382354102346,2.797869153583398
51,Information,18078.55,739.7214889106908,1449.854118264954,8.019747813098695,4.091708067907497
52,Finance and Insurance,62008.85,1553.1877494668026,3044.247988954933,4.909376627618369,2.5047839936828415
53,Real Estate and Rental and Leasing,11873.025,633.6581135803835,1241.9699026175517,10.460433652060463,5.336955944928808
54,"Professional, Scientific, and Technical Services",47653,1193.7354306309878,2339.721444036736,4.9099142636071935,2.5050582977587723
55,Management of Companies and Enterprises,991.05,180.98987730671567,354.7401595211627,35.79437561386032,18.262436537683836
56,Administrative and Support and Waste Management and Remediation Services,31397.7,1248.900140798895,2447.844275965834,7.796253470686815,3.977680342187151
61,Educational Services,90083.65,1920.4859431436896,3764.1524485616314,4.1785079185419685,2.1318917951744734
62,Health Care and Social Assistance,131318.875,1863.690426135401,3652.8332352253856,2.7816513317109863,1.4192098631178502
71,"Arts, Entertainment, and Recreation",13453,807.2521800644146,1582.2142729262525,11.761051608758288,6.00053653508076
72,Accommodation and Food Services,48457.55,1434.8981997209762,2812.4004714531134,5.803843717755258,2.961144753956764
81,Other Services (except Public Administration),36845.625,1245.3764053615475,2440.937754508633,6.624769574430162,3.3799844767500824
92,Public Administration,42686.675,1175.60610491195,2304.1879656274223,5.397909220213151,2.754035316435281
