NAICSP,Ind_sector,n,n_se,MOE,r_MOE,CV
62,Health Care and Social Assistance,142511.325,2430.672223,4764.117557,3.342974713,1.705599343
31-33,Manufacturing,118611.05,2315.184308,4537.761244,3.825749156,1.951912835
44-45,Retail Trade,96777.625,1890.347124,3705.080363,3.828447292,1.953289434
61,Educational Services,95134.4,1899.849318,3723.704663,3.914151624,1.997016135
23,Construction,78808.525,1862.821153,3651.129459,4.632911806,2.363730513
52,Finance and Insurance,68064.9,1687.728545,3307.947949,4.859990904,2.479587196
54,"Professional, Scientific, and Technical Services",59347.7,1489.496162,2919.412477,4.919167006,2.509779085
48-49,Transportation and Warehousing,54155.125,1633.05522,3200.788231,5.910406874,3.015513711
11,"Agriculture, Forestry, Fishing and Hunting",52791.85,1463.556487,2868.570714,5.433737809,2.772315209
92,Public Administration,45100.475,1438.810736,2820.069044,6.252858852,3.190234108
72,Accommodation and Food Services,44257.15,1224.298455,2399.624972,5.422005196,2.766329181
81,Other Services (except Public Administration),41416.35,1314.792381,2576.993067,6.22216363,3.174573281
56,Administrative and Support and Waste Management and Remediation Services,34451.8,1497.132496,2934.379693,8.517347984,4.345585706
42,Wholesale Trade,25264.375,985.0748102,1930.746628,7.642170558,3.899066611
51,Information,13912.825,752.7207868,1475.332742,10.6041206,5.410265613
71,"Arts, Entertainment, and Recreation",13389.175,896.6691675,1757.471568,13.12606317,6.696971005
22,Utilities,13019.525,755.2164802,1480.224301,11.36926502,5.800645417
53,Real Estate and Rental and Leasing,11637.875,705.8625686,1383.490635,11.88782862,6.065218682
21,"Mining, Quarrying, and Oil and Gas Extraction",1702.9,220.8943551,432.952936,25.42444865,12.97165747
55,Management of Companies and Enterprises,985.875,202.0349383,395.9884792,40.16619543,20.49295685
