NAICSP,Ind_sector,age_group,n,n_se,MOE,r_MOE,CV
11,"Agriculture, Forestry, Fishing and Hunting",16-29,10731.35,769.7122864259085,1508.6360813947806,14.058213378510445,7.172557846178798
11,"Agriculture, Forestry, Fishing and Hunting",30-39,9250.725,581.6732697840342,1140.0796087767071,12.324219007447601,6.287866840534489
11,"Agriculture, Forestry, Fishing and Hunting",40-49,9039.6,635.3055306799241,1245.1988401326512,13.774932963102914,7.028027021991284
11,"Agriculture, Forestry, Fishing and Hunting",50-59,11152.675,553.5632288862763,1084.9839286171016,9.728463607314852,4.963501840466761
11,"Agriculture, Forestry, Fishing and Hunting",60-70,11287.7,705.1903887648002,1382.1731619790085,12.244949475792307,6.247423201934851
21,"Mining, Quarrying, and Oil and Gas Extraction",16-29,323.5,108.02163773406697,211.72240995877127,65.44742193470519,33.391541803421006
21,"Mining, Quarrying, and Oil and Gas Extraction",30-39,481.4,118.57163604758095,232.40040665325867,48.27594654201468,24.630584970415654
21,"Mining, Quarrying, and Oil and Gas Extraction",40-49,255.125,66.19447201239693,129.74116514429798,50.853959880175594,25.94589789804877
21,"Mining, Quarrying, and Oil and Gas Extraction",50-59,422.40000000000003,118.38835589913394,232.04117756230252,54.93399090016631,28.027546377635876
21,"Mining, Quarrying, and Oil and Gas Extraction",60-70,214.55,73.57489063022793,144.20678563524675,67.21360318585259,34.29265468665948
22,Utilities,16-29,1103.55,192.52747263377765,377.3538463622042,34.194540017416905,17.446193886437193
22,Utilities,30-39,2460.05,262.22860810035576,513.9680718766973,20.892586405833104,10.65948286011893
22,Utilities,40-49,2023.3,262.45381724695875,514.4094818040392,25.42428121405818,12.971572047988866
22,Utilities,50-59,3082.65,360.3354416373721,706.2574656092494,22.91072504531002,11.689145431280624
22,Utilities,60-70,1707.775,243.799184909425,477.84640242247303,27.98064161979611,14.275837561120463
23,Construction,16-29,16012.9,894.1169331035509,1752.4691888829598,10.94410874284458,5.583728950430908
23,Construction,30-39,18852.675,913.3592185751727,1790.1840684073384,9.495650184429204,4.8447194818516355
23,Construction,40-49,16264.5,721.809878772624,1414.7473623943429,8.698375986930696,4.437946932107498
23,Construction,50-59,14410.95,729.3961171750232,1429.6163896630453,9.920347996926262,5.061402039248093
23,Construction,60-70,8364.325,541.540206898343,1061.4188055207521,12.689832180370228,6.47440417365828
31-33,Manufacturing,16-29,20402.65,1018.9644713660288,1997.1703638774163,9.788779221706083,4.994275113115348
31-33,Manufacturing,30-39,27160.9,1210.2577972146057,2372.1052825406273,8.733529752477374,4.455882526774171
31-33,Manufacturing,40-49,25136.525,998.1454346530618,1956.365051920001,7.78295747689866,3.970896671887072
31-33,Manufacturing,50-59,26759.725,1010.5203828040776,1980.619950295992,7.4014959058659695,3.7762734213601887
31-33,Manufacturing,60-70,14252.35,544.3363214158135,1066.8991899749944,7.485777362855911,3.8192741647224033
42,Wholesale Trade,16-29,4791.675,374.881350146283,734.7674462867147,15.334250471634967,7.823597179405593
42,Wholesale Trade,30-39,5867.475,461.27635022971845,904.1016464502482,15.40870044525538,7.861581859824174
42,Wholesale Trade,40-49,6034.4,492.7023354356565,965.6965774538867,16.003191327288327,8.16489353433078
42,Wholesale Trade,50-59,5662.425,423.29617667479584,829.6605062825998,14.652035237245522,7.475528182268124
42,Wholesale Trade,60-70,4407.3,357.5407446624091,700.7798595383218,15.90043472280811,8.112466695310259
44-45,Retail Trade,16-29,30803.675,1075.2762436055675,2107.541437466912,6.841850647583161,3.4907401263179394
44-45,Retail Trade,30-39,18559.075,918.6606801820245,1800.574933156768,9.701857086933309,4.949927085170056
44-45,Retail Trade,40-49,16985.8,858.8252725380174,1683.297534174514,9.910027989111576,5.05613672913856
44-45,Retail Trade,50-59,18220.4,671.3150400287112,1315.777478456274,7.221452209920056,3.684414392816355
44-45,Retail Trade,60-70,11873.825,584.7426495903989,1146.0955931971816,9.652286379470656,4.924635907893192
48-49,Transportation and Warehousing,16-29,7791.275,577.903501027637,1132.6908620141685,14.537939708381087,7.4173161777454535
48-49,Transportation and Warehousing,30-39,11926.775,811.4065407134083,1590.3568197982802,13.334340756812132,6.80323508000619
48-49,Transportation and Warehousing,40-49,12667.975,812.0943656104565,1591.7049565964946,12.564793951649689,6.410609159004943
48-49,Transportation and Warehousing,50-59,13391.8,626.6919890634073,1228.3162985642782,9.172152351172198,4.6796695669245905
48-49,Transportation and Warehousing,60-70,8722.075,600.2701766704722,1176.5295462741256,13.489101461224829,6.882194623073892
51,Information,16-29,3471.825,312.1685360606511,611.8503306788762,17.623305629715674,8.99148246414065
51,Information,30-39,3958.175,431.65316263465513,846.0401987639241,21.374502106751827,10.905358217730523
51,Information,40-49,3293.6,335.27182819504833,657.1327832622948,19.95180906188653,10.179494419329863
51,Information,50-59,3431.275,400.80493057720736,785.5776639313264,22.894628496151615,11.680932906199805
51,Information,60-70,1645.3,242.16859745588403,474.6504510135327,28.848869568682474,14.718811004429833
52,Finance and Insurance,16-29,13022.85,786.0888011819975,1540.734050316715,11.831005120359329,6.0362271022241485
52,Finance and Insurance,30-39,16600.325,795.0454600013446,1558.2891016026354,9.387099961010614,4.789336714801334
52,Finance and Insurance,40-49,16723.1,779.1371764650946,1527.1088658715855,9.131733146794469,4.659047523874729
52,Finance and Insurance,50-59,14255.55,603.0458867024549,1181.9699379368117,8.291296638409683,4.2302533869437164
52,Finance and Insurance,60-70,7228.775,386.68969710059525,757.9118063171667,10.484650667881718,5.349311565245775
53,Real Estate and Rental and Leasing,16-29,2119.725,286.10905143406427,560.773740810766,26.455023213424667,13.49746082317585
53,Real Estate and Rental and Leasing,30-39,1871.45,295.9061808665037,579.9761144983472,30.99073523195101,15.811599608138271
53,Real Estate and Rental and Leasing,40-49,2526.175,356.2799189629554,698.3086411673926,27.64292423000752,14.103532770412
53,Real Estate and Rental and Leasing,50-59,2642.55,303.3929983845211,594.6502768336613,22.50289594647826,11.481069360448092
53,Real Estate and Rental and Leasing,60-70,2151.2,297.922442980132,583.9279882410588,27.14429101157767,13.849128067131463
54,"Professional, Scientific, and Technical Services",16-29,10980.45,729.6468249476936,1430.1077768974794,13.024127216074746,6.644962865344257
54,"Professional, Scientific, and Technical Services",30-39,15338.05,775.9477594368065,1520.8576084961405,9.915586456532223,5.058972681904195
54,"Professional, Scientific, and Technical Services",40-49,13594.9,779.1160138259257,1527.0673870988144,11.232648913186669,5.730943323054423
54,"Professional, Scientific, and Technical Services",50-59,9666.6,537.5749123087401,1053.6468281251305,10.89986994522511,5.561158135318934
54,"Professional, Scientific, and Technical Services",60-70,5852.35,476.7800400210772,934.4888784413113,15.967754465151799,8.146813502628468
55,Management of Companies and Enterprises,16-29,53,42.96684768516304,84.21502146291955,158.89626691116896,81.06952393426988
55,Management of Companies and Enterprises,30-39,305.125,92.36553571273215,181.036449996955,59.331896762623515,30.271375899297716
55,Management of Companies and Enterprises,40-49,261,103.61025603795215,203.0761018343862,77.80693556873035,39.697416106495076
55,Management of Companies and Enterprises,50-59,238.3,72.31525210838997,141.73789413244432,59.47876379875968,30.346308060591674
55,Management of Companies and Enterprises,60-70,189,71.28476607943664,139.7181415156958,73.92494260089725,37.716807449437376
56,Administrative and Support and Waste Management and Remediation Services,16-29,10169.125,663.8939782638491,1301.2321973971443,12.795911127035456,6.528526085222171
56,Administrative and Support and Waste Management and Remediation Services,30-39,7093.275,512.872850348895,1005.2307866838341,14.171603197166812,7.230409794472864
56,Administrative and Support and Waste Management and Remediation Services,40-49,7210.65,626.972428096922,1228.8659590699672,17.042374252944843,8.695088904563695
56,Administrative and Support and Waste Management and Remediation Services,50-59,6660.525,603.2592654437642,1182.388160269778,17.752176596736412,9.057232957518577
56,Administrative and Support and Waste Management and Remediation Services,60-70,2973.7,287.64737358656697,563.7888522296713,18.95917046876522,9.673046157533275
61,Educational Services,16-29,19207.05,972.9501102799413,1906.982216148685,9.928553401738867,5.065588470274932
61,Educational Services,30-39,21167.8,937.195563002995,1836.90330348587,8.67781868444463,4.42745851247175
61,Educational Services,40-49,21676.15,1099.4509231032093,2154.92380928229,9.941450900101218,5.072168826582254
61,Educational Services,50-59,19776.875,789.7711902625656,1547.9515329146286,7.827078509191308,3.9934074026486264
61,Educational Services,60-70,12921.825,604.7809336342373,1185.370629923105,9.17339949986248,4.680305867276776
62,Health Care and Social Assistance,16-29,33217.05,967.0624801266724,1895.442461048278,5.706233578985122,2.9113436627475116
62,Health Care and Social Assistance,30-39,36153.425,1322.6340600294543,2592.3627576577305,7.170448602470528,3.6583921441176157
62,Health Care and Social Assistance,40-49,27689.2,885.1689905393772,1734.9312214571794,6.265732565249915,3.19680232920914
62,Health Care and Social Assistance,50-59,24411.225,880.6092718787097,1725.994172882271,7.070493893208027,3.6073948434734833
62,Health Care and Social Assistance,60-70,16091.5,591.6676594328525,1159.6686124883909,7.206715424220183,3.676895624602135
71,"Arts, Entertainment, and Recreation",16-29,5447.625,433.08338317378326,848.8434310206152,15.581899103198463,7.949948522040032
71,"Arts, Entertainment, and Recreation",30-39,2251.875,340.35246932408177,667.0908398752002,29.623795276167648,15.114181263350842
71,"Arts, Entertainment, and Recreation",40-49,2275.325,307.91892535820205,603.521093702076,26.524610493097732,13.532964537294765
71,"Arts, Entertainment, and Recreation",50-59,1539.425,240.43719677651794,471.2569056819751,30.612527773810033,15.618636619290834
71,"Arts, Entertainment, and Recreation",60-70,1413.625,198.85402953548615,389.75389788955283,27.571236918528808,14.06695761149429
72,Accommodation and Food Services,16-29,22613.375,960.0741410172446,1881.7453163937994,8.321381998015772,4.2456030602121295
72,Accommodation and Food Services,30-39,7669.6,584.9093753789986,1146.4223757428372,14.947616247820447,7.626334820316555
72,Accommodation and Food Services,40-49,5827.275,479.79414322707186,940.3965207250608,16.137843515623697,8.233593630420255
72,Accommodation and Food Services,50-59,5642.9,566.2967713575629,1109.9416718608231,19.669703022573913,10.035562766619343
72,Accommodation and Food Services,60-70,2497.925,266.60112422399874,522.5382034790375,20.918890818540888,10.672903478847392
81,Other Services (except Public Administration),16-29,9660.075,683.3670218347165,1339.3993627960444,13.86531018440379,7.074137849185607
81,Other Services (except Public Administration),30-39,8807.9,560.4190662185307,1098.4213697883201,12.470865584172392,6.362686522536936
81,Other Services (except Public Administration),40-49,7903.075,686.8061066450998,1346.1399690243957,17.03311646446979,8.69036554309683
81,Other Services (except Public Administration),50-59,6964.625,408.3813914406482,800.4275272236705,11.492758436005822,5.863652263268277
81,Other Services (except Public Administration),60-70,6560.95,518.6146189308106,1016.4846531043887,15.49294923912526,7.904565938329215
92,Public Administration,16-29,5387.525,463.51578502651876,908.4909386519768,16.86286260670673,8.603501329952413
92,Public Administration,30-39,10056.625,611.9685723905683,1199.458401885514,11.927047114568893,6.085228119678006
92,Public Administration,40-49,9752.35,631.6147111520993,1237.9648338581146,12.694015635801778,6.476538589694784
92,Public Administration,50-59,11809.8,675.0093120653967,1323.0182516481775,11.202715131908903,5.715670985667807
92,Public Administration,60-70,5989.55,437.8661601305815,858.2176738559397,14.328583513885679,7.310501792798815
