NAICSP_2,FTE_estimate,FTE_estimate_se,MOE,r_MOE,CV
11,55204.725,3389.404440237251,6643.232702865012,12.033811784888,6.13969989024898
21,1995.675,503.7376830069893,987.325858693699,49.473278900306866,25.241468826687175
22,10420.4,1177.6156259312713,2308.1266268252916,22.15007702991528,11.301059709140448
23,78771.9,3826.092603402654,7499.141502669201,9.520071881812171,4.857179531536823
31-33,116179.75,4982.596548807407,9765.889235662518,8.405844594830441,4.288696221852265
42,28078.325,1936.4006878984912,3795.345348281043,13.516993439890173,6.896425224433762
44-45,94419.9,4519.046493011552,8857.331126302643,9.380788505709752,4.786116584545792
48-49,47983.8,2521.1647109582605,4941.4828334781905,10.29823155622979,5.2541997735866275
51,13914.525,1435.0838063071437,2812.7642603620016,20.214590583307743,10.313566624136604
52,66747.925,3550.5384893923133,6959.055439208934,10.425875320032695,5.319324142873824
53,10979.8,1438.8981339791744,2820.240342599182,25.68571688554602,13.104957594666336
54,48312.2,3019.657195858497,5918.528103882653,12.250587023324655,6.2502995016962535
55,1523.475,505.975743427983,991.7124571188466,65.095420477451,33.21194922318929
56,34411.625,2877.509980342162,5639.919561470638,16.389576375630728,8.362028763076902
61,96039.775,4237.572937270523,8305.642957050224,8.648128295854738,4.412310355027928
62,149582.675,5349.449115715095,10484.920266801586,7.0094482979406445,3.57624913160237
71,13934.575,1394.0257675277203,2732.290504354332,19.607993098851825,10.004078111659094
72,43951.575,3108.030957218935,6091.740676149112,13.860119179231035,7.071489377158691
81,44311.3,3164.709717957952,6202.831047197586,13.998305279234835,7.141992489405529
92,42336.8,2659.3242491338383,5212.2755283023225,12.311453695844566,6.28135392645131
