NAICSP,Ind_sector,SEX_label,n,n_se,MOE,r_MOE,CV
11,"Agriculture, Forestry, Fishing and Hunting",Male,44637.15,1335.5186388862198,2617.616532216991,5.864210712863592,2.9919442412569346
11,"Agriculture, Forestry, Fishing and Hunting",Female,6824.9,528.8808124237445,1036.6063923505392,15.188594592602664,7.749282955409523
21,"Mining, Quarrying, and Oil and Gas Extraction",Male,1542.725,193.7152121188473,379.6818157529407,24.611114472957958,12.556691057631614
21,"Mining, Quarrying, and Oil and Gas Extraction",Female,154.25,59.08466303745838,115.80593955341841,75.07678415132474,38.30448170985956
22,Utilities,Male,8598.25,545.4323305014565,1069.0473677828547,12.433313381011889,6.343527235210147
22,Utilities,Female,1779.075,274.50563285431866,538.0310403944645,30.24217868243129,15.429683001240457
23,Construction,Male,67631.625,1851.4171280484716,3628.777570975004,5.36550403893889,2.737502060683107
23,Construction,Female,6273.725,483.7533978885834,948.1566598616234,15.113137089394632,7.710784229282976
31-33,Manufacturing,Male,81219.175,1705.510553681434,3342.8006852156104,4.115777690693867,2.099886576884626
31-33,Manufacturing,Female,32492.975,1069.4463597464812,2096.114865103103,6.450978604153984,3.2913156143642777
42,Wholesale Trade,Male,20974.475,774.0341883801071,1517.10700922501,7.233110765466168,3.6903626354419226
42,Wholesale Trade,Female,5788.8,512.2528332644926,1004.0155531984054,17.344105051105675,8.84903318933963
44-45,Retail Trade,Male,54002.85,1444.3097231787754,2830.8470574303997,5.24203270277476,2.6745064810075307
44-45,Retail Trade,Female,42439.925,1274.611439885702,2498.238422175976,5.886528833818571,3.003331037662536
48-49,Transportation and Warehousing,Male,45879.8,1362.620624316431,2670.7364236602048,5.821159690452453,2.969979433904313
48-49,Transportation and Warehousing,Female,8620.1,538.3802900250897,1055.225368449176,12.241451589299148,6.245638565968953
51,Information,Male,9860.35,697.5854642309072,1367.2675098925781,13.866318233050329,7.074652159719555
51,Information,Female,5939.825,414.1285626167313,811.6919827287934,13.66525078985986,6.9720667295203365
52,Finance and Insurance,Male,31206.575,1136.2404246433719,2227.031232301009,7.136416708020694,3.6410289326636187
52,Finance and Insurance,Female,36624.025,1113.4441343613737,2182.3505033482925,5.958794816649159,3.040201437065898
53,Real Estate and Rental and Leasing,Male,5323.3,427.85042151142034,838.5868261623839,15.753138582503032,8.037315603317872
53,Real Estate and Rental and Leasing,Female,5987.8,515.8924762305126,1011.1492534118046,16.886824099198446,8.615726581223697
54,"Professional, Scientific, and Technical Services",Male,32458.95,1110.5700575745993,2176.7173128462146,6.706062003996477,3.4214602061206514
54,"Professional, Scientific, and Technical Services",Female,22973.4,901.5638062728835,1767.0650602948517,7.691787285708044,3.9243812682183896
55,Management of Companies and Enterprises,Male,452.075,123.67911113542982,242.41105782544244,53.621867571850345,27.358095699923645
55,Management of Companies and Enterprises,Female,594.35,148.21470195294395,290.50081582777017,48.877061635024845,24.937276344400427
56,Administrative and Support and Waste Management and Remediation Services,Male,20776.375,1161.8655931168416,2277.2565625090097,10.960798322657391,5.592244042172139
56,Administrative and Support and Waste Management and Remediation Services,Female,13330.9,714.1550586619828,1399.7439149774864,10.499995611530252,5.357140618127679
61,Educational Services,Male,31694.675,1066.534238286563,2090.4071070416635,6.595452097368606,3.3650265802901056
61,Educational Services,Female,63055.025,1387.51218701855,2719.5238865563583,4.312937607361758,2.200478371102937
62,Health Care and Social Assistance,Male,26239.3,1015.851254290583,1991.0684584095427,7.588115759222017,3.871487632256131
62,Health Care and Social Assistance,Female,111323.1,1890.568129326474,3705.5135334798892,3.3286115222086785,1.698271184800346
71,"Arts, Entertainment, and Recreation",Male,7674.15,563.3164308639062,1104.1002044932561,14.387263794599484,7.340440711530349
71,"Arts, Entertainment, and Recreation",Female,5253.725,454.0828091466357,890.002305927406,16.940405253937083,8.643063905069939
72,Accommodation and Food Services,Male,20655.3,966.0561927723198,1893.4701378337468,9.166994126610346,4.677037819699156
72,Accommodation and Food Services,Female,23595.775,1028.817645497734,2016.4825851755586,8.545947675698546,4.360177385560482
81,Other Services (except Public Administration),Male,22573.675,1098.174546534498,2152.422111207616,9.53509834445484,4.8648460941096126
81,Other Services (except Public Administration),Female,17322.95,809.6313761907326,1586.877497333836,9.160550006400964,4.673750003265798
92,Public Administration,Male,22914.6,869.619276501217,1704.4537819423851,7.438287301294307,3.7950445414766873
92,Public Administration,Female,20081.25,796.6303380685738,1561.3954626144046,7.775389792041852,3.9670356081846188
